,Tytuł,Tekst
0,Abba Ojcze,"Ty wyzwoliłeś nas Panie  z kajdan i samych siebie,  a Chrystus stając się bratem  nauczył nas wołać do Ciebie:  Abba Ojcze! Abba Ojcze! Abba Ojcze!  Bo Kościół jak drzewo życia w wieczności zapuszcza korzenie, przenika naszą codzienność i pokazuje nam Ciebie. Abba Ojcze! Abba Ojcze! Abba Ojcze!  Bóg hojnym Dawcą jest życia, on wyswobodził nas z śmierci i przygarniając do siebie uczynił swoimi dziećmi. Abba Ojcze! Abba Ojcze! Abba Ojcze!  Wszyscy jesteśmy braćmi, jesteśmy jedną rodziną. Tej prawdy nic już nie zaćmi i teraz jest jej godzina. Abba Ojcze! Abba Ojcze! Abba Ojcze! "
1,Alleluja (Niech zabrzmi Panu)," Alleluja, Alleluja, Alleluja, Alleluja.   Niech zabrzmi Panu  chwała w niebiosach,  na wysokościach cześć niech oddadzą,  wielbijcie Pana duchy niebieskie,  wielbijcie Pana Jego zastępy.  Alleluja, Alleluja, Alleluja, Alleluja.   Słońce, Księżycu wielbijcie Pana, gwiazdy świecące wielbijcie Pana, niebiosa niebios wielbijcie Pana, wody podniebne wielbijcie Pana.  Alleluja, Alleluja, Alleluja, Alleluja.   Niech wszyscy wielbią Imię Pana, bo Jego słowo stwarza wciąż wszystko, bo tylko Jego Imię jest wzniosłe, niechaj na wieku brzmi Jego chwała.  Alleluja, Alleluja, Alleluja, Alleluja.   On daje siłę swemu ludowi, z prochu podnosi swoich przyjaciół, jego Bogiem bliskim dla Izraela, swoich wybranych On sam umacnia.  Alleluja, Alleluja, Alleluja, Alleluja.   Niech zabrzmi chwała Ojcu,  co stwarza, Jego synowi, który jest Panem, Duchowi, który w nas zamieszkuje przez wszystkie wieki wieków. Amen. "
2,"Alleluja, Alleluja, Amen Amen, Alleluja"," Alleluja, Alleluja,  Amen, Amen, Alleluja.   Pokłońmy się przed Nim –  On naszym Panem jest  Pokłońmy się przed Nim –  On naszym Panem Amen, Amen, Alleluja.  Alleluja, Alleluja,  Amen, Amen, Alleluja.   Jezus Chrystus zmartwychwstał –  On naszym Panem jest  Jezus Chrystus zmartwychwstał –  On naszym Panem Amen, Amen, Alleluja.  Alleluja, Alleluja,  Amen, Amen, Alleluja.   Radujmy się bracia –  On naszym Panem jest  Radujmy się wszyscy –  On naszym Panem. Amen, Amen, Alleluja.  Alleluja, Alleluja,  Amen, Amen, Alleluja.   Posyła nam Ducha –  On naszym Panem jest  Posyła nam Ducha –  On naszym Panem. Amen, Amen, Alleluja. "
3,"Blisko, blisko, blisko jesteś"," Blisko, blisko, blisko Jesteś Panie mój Blisko tak, że czuję tchnienie Twe  I przychodzisz do mnie Już dotykasz mnie Łaską przebaczenia Karmisz moją duszę "
4,Bo góry mogą ustąpić," Bo góry mogą ustąpić i pagórki się zachwiać.  Ale miłość Moja, miłość Moja nigdy nie odstąpi od Ciebie mówi Pan. "
5,Bo jak śmierć potężna jest miłość," Bo jak śmierć potężna jest Miłość A zazdrość jej nieprzejednana jak szeol. Żar jej to żar ognia Płomień Pański Wody wielkie nie zdołają ugasić miłości  Nie zatopią, nie zatopią jej rzeki. "
6,Boże Twa łaska," Boże Twa łaska nad nami jest, Twoja miłość przychodzi wciąż, działasz mocy pośród nas, przenikasz serca gładzisz grzech.  My chcemy więcej Ciebie  więcej łaski Twej,  pragniemy więcej mocy,  więcej miłości Twojej. "
7,Była cicha i piękna jak wiosna," Była cicha i piękna jak wiosna, Żyła prosto, zwyczajnie jak my. Ona Boga na świat nam przyniosła  I na ziemi wśród łez nowe dni zajaśniały.    Matka, która wszystko rozumie, Sercem ogarnia każdego z nas. Matka zobaczyć dobro w nas umie, Ona jest z nami w każdy czas.  Dzisiaj światu potrzeba dobroci, By niepokój zwyciężyć i zło. Trzeba ciepła, co życie ozłoci, Trzeba Boga, więc ludziom,  Nieśmy Go, tak jak Ona.   Matka, która wszystko rozumie, Sercem ogarnia każdego z nas. Matka zobaczyć dobro w nas umie, Ona jest z nami w każdy czas. "
8,Bóg nasz Pan," Bóg nasz Pan jest dobry cały czas.  Więc uwielbij Go, więc uwielbij Go. "
9,Bóg tak umiłował świat," Bóg tak umiłował świat, że Syna swego Jednorodzonego dał, aby każdy kto w Niego wierzy nie zginął, ale życie wieczne miał.  O Jezus, Jezus, Jezus! "
10,Będziemy tańczyć," Będziemy tańczyć,  będziemy śpiewać,  będziemy klaskać w dłonie swe, Kiedy nasz Pan  stanie z nami twarzą w twarz, spotkamy się w Nowym Jeruzalem. Ref: Będziemy tańczyć,  będziemy śpiewać, będziemy klaskać w dłonie swe, Kiedy nasz Pan  w białych szatach stawi nas przed Ojcem Swym, przed Adonai.  Nadejdzie dzień, w którym wszystko spełni się  co dawno już objawił Bóg,  więc mocno trwaj, nigdy nie poddawaj się, nie poddawaj się. "
11,Będę śpiewał Ci," Będę śpiewał Ci najpiękniejszą pieśń  Z aniołami tak będę śpiewał Ci  Święty, Święty, Święty jest Pan, Zastępów Pan.  Cała ziemia jest pełna Jego chwały "
12,"Błogosław, duszo moja Pana"," Błogosław duszo moja Pana, wszystko, co we mnie, Jego najświętsze imię. Błogosław duszo moja Pana, jego dobroci nigdy nie zapominaj.  On odpuszcza wszystkie twoje grzechy, leczy wszystkie twoje choroby. Okazuje Swoje miłosierdzie,  On ratuje Ciebie od zguby. On napełnia twoje życie dobrem, aż odnowi się twoja młodość, jak u orła. Nie odpłaca według grzechów, nie chce wiecznie gniewać się. On pamięta żeśmy prochem, on najlepiej wie!  Błogosław duszo moja Pana, wszystko, co we mnie, Jego najświętsze imię. Błogosław duszo moja Pana, jego dobroci nigdy nie zapominaj.  Tak jak ojciec nad swoimi dziećmi, Pan lituje się nad pokornym. On oddala od nas nasze winy jak daleko wschód od zachodu. Jak wysoko niebo jest nad ziemią, tak jest wielka dobroć dla ludzi, którzy się Go boją. Dni człowieka są jak trawa,  kwitnie On jak polny kwiat. Kiedy mocniej wiatr zawieje, znika po nim ślad!  Błogosław duszo moja Pana, wszystko, co we mnie, Jego najświętsze imię. Błogosław duszo moja Pana, jego dobroci nigdy nie zapominaj.  Błogosławcie Pana –  wszyscy aniołowie Błogosławcie Pana – wszyscy Jego ludzie Błogosławcie Pana –  wszystkie Jego dzieła Błogosławcie Go!  Błogosław duszo moja Pana, wszystko, co we mnie, Jego najświętsze imię. Błogosław duszo moja Pana, jego dobroci nigdy nie zapominaj. "
13,Błogosławcie Pana wszystkie Jego dzieła," Błogosławcie Pana wszystkie Jego dzieła,  które by nie kwitły gdyby nie cierpienie,  Błogosławcie Pana.   Błogosławcie Pana wszystkie łzy i żale, każda moja słabość i upokorzenie,  Błogosławcie Pana.  Błogosławcie Pana wszystkie moje rany, na które Duch Święty staje się balsamem, Błogosławcie Pana.  Niech Cię błogosławią  wszystkie me niemoce, ból skrzętnie skrywany po bezsennej nocy, Błogosławcie Pana.  Błogosławcie Pana, że Mu ufam jeszcze, że mnie wciąż uzdrawia łaski Swojej deszczem Błogosławcie Pana. "
14,Błogosławione jest Imię Twe," Błogosławione jest Imię Twe, błogosławione jest Imię Twe i wywyższone nad wszelką chwałę i cześć, Tyś jedynie Panem jest.  Powstań! I Pana chwal,  chwal Go na wieki. Powstań! Chwal Boga wciąż,  On jedynie jest Panem. Powstań! I Pana chwal,  chwal Go na wieki. Powstań! Chwal Boga wciąż, On Panem wszechświata jest. "
15,Cała ziemio wołaj," Cała ziemio wołaj z radości na cześć Pana,  raduj się, wesel się. Cała ziemio wołaj z radości na cześć Pana,  Alleluja, Alleluja.  Śpiewajcie Panu pieśń nową, albowiem uczynił cuda. Zwycięstwo Mu zgotowała Jego prawica i święte ramię Jego.   Cała ziemio wołaj z radości na cześć Pana,  raduj się, wesel się. Cała ziemio wołaj z radości na cześć Pana,  Alleluja, Alleluja.  Pan okazał swoje zbawienie, na oczach pogan objawił swą sprawiedliwość. Wspomniał na dobroć i na wierność swoją dla domu Izraela.  Cała ziemio wołaj z radości na cześć Pana,  raduj się, wesel się. Cała ziemio wołaj z radości na cześć Pana,  Alleluja, Alleluja.  Ujrzały wszystkie krańce ziemi zbawienie Boga naszego. Wołaj z radości na cześć Pana, cała ziemio, cieszcie się, weselcie i grajcie.  Cała ziemio wołaj z radości na cześć Pana,  raduj się, wesel się. Cała ziemio wołaj z radości na cześć Pana,  Alleluja, Alleluja.  Śpiewajcie Panu przy wtórze cytry, przy wtórze cytry i przy dźwięku harfy. Przy trąbach i przy głosie rogu na oczach Pana, Króla, się radujcie.  Cała ziemio wołaj z radości na cześć Pana,  raduj się, wesel się. Cała ziemio wołaj z radości na cześć Pana,  Alleluja, Alleluja.  Niech szumi morze i wszystko, co w nim żyje, krąg ziemi i jego mieszkańcy, rzeki niech klaszczą w dłonie, góry niech razem wołają z radości. "
16,Chcę wywyższać Imię Twe," Chcę wywyższać Imię Twe, chcę zaśpiewać Tobie chwałę. Panie, dziś raduję się, bo przyszedłeś, by mnie zbawić.  Z nieba zstąpiłeś i chcesz prowadzić mnie. Na krzyżu zmarłeś, by mój zapłacić dług.  Z grobu wstałeś i dziś nieba Królem jesteś Ty,  chcę wywyższać Imię Twe. "
17,Chlebie najcichszy," Chlebie najcichszy otul mnie swym milczeniem, ukryj mnie w swojej bieli, wchłoń moją ciemność.  Przemień mnie w siebie, bym jak Ty stał się chlebem. Pobłogosław mnie, połam, rozdaj łaknącym braciom.  Chlebie najcichszy otul mnie swym milczeniem, ukryj mnie w swojej bieli, wchłoń moją ciemność.  A ułomki chleba, które zostaną rozdaj tym, którzy nie wierzą w swój głód. "
18,Chrystus Pan karmi nas," Chrystus Pan karmi nas Swoim świętym Ciałem, chwalmy Go na wieki  Duchem całym wielbię Pana, Boga, Zbawcę Jedynego, bo w Nim samym odnajduję wszystką radość życia mego.  Chrystus Pan karmi nas Swoim świętym Ciałem, chwalmy Go na wieki  Wielbię bo chciał wejrzeć z nieba na swą sługę uniżony, by mnie odtąd wszyscy ludzie mogli zwać Błogosławioną.  Chrystus Pan karmi nas Swoim świętym Ciałem, chwalmy Go na wieki  Sprawił we mnie wielkie dzieła w swej dobroci niepojętej, On, Wszechmocny, On, Największy, On sam jeden zawsze święty.  Chrystus Pan karmi nas Swoim świętym Ciałem, chwalmy Go na wieki  On, który przez pokolenia pozostaje miłosierny, wobec tego, kto Mu służy i chce zostać Jemu wierny.  Chrystus Pan karmi nas Swoim świętym Ciałem, chwalmy Go na wieki  On, który swą moc objawia, gdy wyniosłość serc uniża, każdy zamiar może zburzyć, który pychą Mu ubliża.  Chrystus Pan karmi nas Swoim świętym Ciałem, chwalmy Go na wieki  W mocy Jego odjąć władzę, a wydźwignąć pokornego, wszystkich głodnych zaspokoić, głodem wstrząsnąć bogatego.  Chrystus Pan karmi nas Swoim świętym Ciałem, chwalmy Go na wieki  On się ujął za swym ludem, dziećmi wiary Abrahama, pomny na Swe miłosierdzie, obietnicy Swej nie złamał. "
19,"Chrystus Pan, Boży Syn"," Chrystus Pan, Boży Syn, Zbawca nasz zgodził się wziąć mój grzech,  za mnie umrzeć chciał Ażebym znał mój ogrom win i wiedział, że Krew Jego zbawia oczyszcza i leczy.  Wywyższony bądź Jezu,  Baranku mój, Tyś jedyny Odkupiciel, Tyś mój Król. Wywyższony bądź Boży Baranku, przed Twym tronem dziś najwyższy składam hołd. "
20,Chwal Adonai," Któż jest jak Bóg? Ponad wszystkim On, wzniosły Jego tron. Góry chylą się, oceany grzmią, Panu dają hołd.  Chwal Adonai, odkąd Słońce budzi się aż zakończy każdy dzień. Chwal Adonai, wszyscy ludzie niech go czczą,  z aniołami wielbią Go. "
21,Chwalcie Pana niebios," Chwalcie Pana Niebios, chwalcie Go na cytrze, chwalcie Króla świata, bo On Bogiem jest.  Chwal duszo moja Pana mego Króla, chcę chwalić Pana, jak długo będę żył Chcę śpiewać memu Bogu, póki będę istniał, chcę Go wysławiać, śpiewać Alleluja!  Chwalcie Pana Niebios, chwalcie Go na cytrze, chwalcie Króla świata, bo On Bogiem jest.  Szczęśliwy ten, któremu Pan jest pomocą, kto ma nadzieję w Panu Bogu swym, w Bogu, który stworzył Niebo i Ziemię, wszystko, co żyje śpiewa Alleluja!  Chwalcie Pana Niebios, chwalcie Go na cytrze, chwalcie Króla świata, bo On Bogiem jest.  Pan Bóg króluje, wesel się Ziemio, Bóg Twój Syjonie przez pokolenia. On dał Ci życie, On da ci wszystko. Śpiewaj Mu wysławiaj Go Alleluja! "
22,Chwalcie łąki umajone," Chwalcie łąki umajone, Góry, doliny zielone. Chwalcie, cieniste gaiki, Źródła i kręte strumyki!  Co igra z morza falami, W powietrzu buja skrzydłami, Chwalcie z nami Panią Świata, Jej dłoń nasza wieniec splata.  Ona dzieł Boskich korona, Nad Anioły wywyższona; Choć jest Panią nieba, ziemi, Nie gardzi dary naszymi.  Wdzięcznym strumyki mruczeniem, Ptaszęta słodkim kwileniem, I co czuje, i co żyje, Niech z nami sławi Maryję! "
23,"Chwalę Ciebie, Panie"," Chwalę Ciebie Panie i uwielbiam. Wznoszę w górę swoje ręce uwielbiając Imię Twe.  Bo wielkiś Ty, wielkie dzieła czynisz dziś. Nie dorówna Tobie nikt, nie dorówna Tobie nikt. "
24,Chwała Bogu Ojcu," Chwała Bogu Ojcu  W chwale Jego Syn, Chwałą Tobie Duchu, Tworzysz jedno w Nich!  Śpiewajmy Alleluja Panu, alleluja, alleluja! "
25,Ciebie całą duszą pragnę," Ciebie całą duszą pragnę I z tęsknotą oczekuję,  Jak spękana, zeschła ziemia, W czas posuchy wody łaknie.  Boże, jesteś moim Bogiem, Ciebie z troską szukam.  W Twej świątyni ujrzeć pragnę Twą potęgę, moc i chwałę, Bowiem Twoją miłość, Panie, bardziej cenię niźli życie.  Boże, jesteś moim Bogiem, Ciebie z troską szukam.  Póki tylko istnieć będę, pragnę Ciebie chwalić, Boże, Dusza moja pełna szczęścia, będzie śpiewać Ci z radością.  Boże, jesteś moim Bogiem, Ciebie z troską szukam.  Jesteś mym wspomożycielem, cień Twych skrzydeł daje radość, Całym sercem lgnę do Ciebie, Twa prawica mnie prowadzi.  Boże, jesteś moim Bogiem, Ciebie z troską szukam. "
26,Do Ciebie Panie," Do Ciebie Panie woła dusza moja, Tęskni ciało me. Gdy nie ma Cię, moje serce ogarnia lęk. Przyjdź dotknij mnie, rozraduj mnie.  Jezu, pragnę blisko Ciebie być,  Jezu, w Twych ramionach się skryć. Słodycz Twą poznawać co dnia, Przy sercu Twym trwać. "
27,Do mnie wróć," Do mnie wróć, zbawię Cię,  cała ziemio! Bo jam jest Pan i twój Bóg jedyny.   Przyjdźcie tu, zbawi was,  przyjdźcie do Pana.  Bo On wasz Pan i wasz Bóg jedyny. "
28,Dobry jest Pan," Dobry jest Pan dla ufnych,  dla duszy, która szuka Go.  Wołaj całym sercem do Pana, niech łzy twe płyną jak rzeka Powstań i wołaj po nocy, jak wody wylewaj swe serce.  Dobry jest Pan dla ufnych,  dla duszy, która szuka Go.  Nie jest zamiarem Boga  odtrącić na wieki, gdy udręczył, znów się zlituje  w niezmiernej swej dobroci, Wzywajmy Jego imienia z otchłani grobu, On rzeknie: „Nie bójcie się” i powstaniemy.  Dobry jest Pan dla ufnych,  dla duszy, która szuka Go.  Wspomnij Panie o tym, co nas spotkało, spojrzyj i przypatrz się naszej hańbie: słudzy panują nad nami;  Ty ocal nas z ich ręki. Nawróć nas, a wrócimy do Ciebie. "
29,Dotknij Panie moich oczu," Dotknij Panie moich oczu,  abym przejrzał. Dotknij Panie moich warg, abym przemówił uwielbieniem. Dotknij Panie mego serca i oczyść je. Niech Twój Święty Duch  dziś ogarnia mnie. "
30,Duchu miłości," Duchu Miłości wylewaj się na nas Z przebitego serca Jezusa, Jezusa. "
31,Duchu święty (o przyjdź i rozpal nas)," Duchu Święty!  Przyjdź i rozpal nas I utul nas, miłość nam daj. "
32,Duchu święty ogarnij mnie," Duchu Święty, ogarnij mnie! Otwórz oczy mego serca, napełnij miłością! Duchu Święty, ja kocham Cię! Niech Twa święta wola pełni się! "
33,Duchu święty powiej wiatrem," Duchu Święty, powiej wiatrem I z mocą na nas zstąp Bądź miłością w naszych sercach Światłem ogarnij nas  Daj nowe oczy, ześlij swój ogień I jedność z Tobą daj  Z czterech wiatrów, przybądź Duchu Powiej mocą, ożyw nas Bądź wolnością w naszych sercach Życiem wypełnij nas  Daj nowe oczy, ześlij swój ogień I jedność z Tobą daj "
34,Duchu święty przyjdź (Niech wiara zagości)," Duchu Święty przyjdź  Niech wiara zagości, Nadzieja zagości,  Niech miłość zagości w nas. "
35,"Duchu święty, cudownym wiatrem jesteś","Duchu święty, cudownym  wiatrem jesteś wkoło nas! Nie odchodź! "
36,"Duszo ma, Pana chwal"," Duszo ma, Pana chwal, oddaj Bogu cześć, Świętemu śpiewaj pieśń. Z mocą wywyższaj go, duszo ma, Uwielbiam, Boże, Cię!  Nowy dzień wraz ze wschodem słońca Znów nadszedł czas, by Ci śpiewać pieśń. Cokolwiek jest już za mną  i to wszystko, co przede mną Wiem, będę śpiewać, gdy nadejdzie zmrok.  Duszo ma, Pana chwal, oddaj Bogu cześć, Świętemu śpiewaj pieśń. Z mocą wywyższaj go, duszo ma, Uwielbiam, Boże, Cię!  Bogaty w miłość, gniew oddalasz, Panie, Twe serce miłe, wielkie Imię Twe. Ze względu na Twą dobroć  będę śpiewać Tobie pieśni, Wiele powodów, by uwielbiać Cię.  Duszo ma, Pana chwal, oddaj Bogu cześć, Świętemu śpiewaj pieśń. Z mocą wywyższaj go, duszo ma, Uwielbiam, Boże, Cię!  Przyjdzie dzień, gdy bez sił zostanę, Nadejdzie czas mego końca tu. Dusza ma będzie już na zawsze Cię uwielbiać, W wieczności z Tobą piękna zabrzmi pieśń. "
37,Dzielmy się wiarą jak chlebem," Dzielmy się wiarą jak chlebem, dajmy świadectwo nadziei. Bóg ofiarował nam siebie i my mamy się Nim z ludźmi dzielić.  Chleba tego nie zabraknie rozmnoży się podczas łamania. Potrzeba tylko rąk naszych i gotowości dawania.  Dzielmy się wiarą jak chlebem, dajmy świadectwo nadziei. Bóg ofiarował nam siebie i my mamy się Nim z ludźmi dzielić.  Nikt nie zapala lampy, żeby ją schować pod korcem. Skoro Bóg nas światłem natchnął trzeba z tym światłem iść w drogę.  Dzielmy się wiarą jak chlebem, dajmy świadectwo nadziei. Bóg ofiarował nam siebie i my mamy się Nim z ludźmi dzielić.  Odrzućmy zwątpienie i trwogę, choć świat się śmieje z proroków musimy świadczyć odważnie w służbie ludziom i Bogu. "
38,"Dzięki, o Panie! Składamy dzięki","Dzięki, o Panie! Składamy dzięki, O Wszechmogący nasz Królu w niebie!  Za to, że dałeś nam wiarę...  Za to, że dałeś nam miłość... Dzięki, o Panie! Składamy dzięki, O Wszechmogący nasz Królu w niebie!  Za to, że dałeś nam siebie...  Ty nam przebaczasz grzechy... Dzięki, o Panie! Składamy dzięki, O Wszechmogący nasz Królu w niebie!  Ty nam przywracasz życie...  Za to, że jesteś z nami... Dzięki, o Panie! Składamy dzięki, O Wszechmogący nasz Królu w niebie!  Tobie śpiewamy z radością...  Za to, że Zmartwychwstałeś... Dzięki, o Panie! Składamy dzięki, O Wszechmogący nasz Królu w niebie!  Za to, żeś Ducha nam zesłał... "
39,Gdy kiedyś Pan," Gdy kiedyś Pan powróci znów, abyśmy też tam byli, gdy kiedyś Pan powróci znów.   Gdy Święci swój opuszczą grób , abyśmy też tam byli, gdy kiedyś Pan powróci znów.   Gdy Boga tron otoczą w krąg, abyśmy też tam byli, gdy kiedyś Pan powróci znów.   Gdy księgę swą otworzy Bóg, abyśmy też tam byli, gdy kiedyś Pan powróci znów.  Gdy po imieniu wezwie Pan, abyśmy też tam byli, gdy kiedyś Pan powróci znów.   Gdy ucztę nam zgotuje Bóg, abyśmy też tam byli, gdy kiedyś Pan powróci znów.  Gdy zabrzmi pieśń: Alleluja, abyśmy też tam byli, gdy kiedyś Pan powróci znów. "
40,Gdy klęczę przed Tobą," Gdy klęczę przed Tobą Modlę się i składam hołd Weź ten dzień, uczyń go swym I we mnie miłość wznieć  Ave Maria Gratia plena Dominus Tecum Benedicta tu  Wszystko Tobie daję Każdy sen i każdą myśl Matko Boga, matko moja Wznieś je przed Boży tron  Ave Maria Gratia plena Dominus Tecum Benedicta tu  Gdy klęczę przed Tobą Widzę Twa radosną twarz Każda myśl, każde słowo Niech spocznie w dłoniach Twych  Ave Maria Gratia plena Dominus Tecum Benedicta tu "
41,Gdy schodzimy się," Gdy schodzimy się Niech Święty Duch w nas działa Gdy schodzimy się, By sławić imię Twe Wiemy dobrze, że gdy serca są otwarte Błogosławisz mocą Swą Błogosławisz boś obiecał to Błogosławisz mocą Swą "
42,Gloria," Gloria in excelsis Deo, Gloria Gloria!  Chwalimy Cię, błogosławimy Cię  Wielbimy Cię, wysławiamy Cię  Dzięki Ci składamy, bo wielka jest chwała Twoja. Panie Boże, Królu Nieba  Boże Ojcze Wszechmogący  Panie Synu Jednorodzony  Jezu Chryste, Jezu Chryste, Jezu Chryste!  Gloria in excelsis Deo, Gloria Gloria!  Panie Boże, Baranku Boży, Synu Ojca  Który gładzisz grzechy świata zmiłuj się nad nami,  Który gładzisz grzechy świata przyjm błaganie nasze,  Który siedzisz po prawicy Ojca zmiłuj się nad nami.  Albowiem tylko Tyś jest Święty  Tylko Tyś jest Panem Tylko Tyś Najwyższy  Jezu Chryste Z Duchem Świętym  W chwale Boga Ojca  Amen Amen Amen Amen Amen! "
43,Godzien o godzien jest Bóg," Godzien, o godzien jest Bóg, siedzący na tronie, Baranek wśród chwał, przyjąć wdzięczność siłę i moc, błogosławieństwo i cześć.  On Panem jest od wieków na wieki. Amen.  Będziemy niezmiernie wciąż trwać w jedności i w prawdzie, oddając Ci hołd, miłość, wdzięczność, siłę i moc, błogosławieństwo i cześć.  On Panem jest od wieków na wieki. Amen. "
44,Gwiazdo zaranna," Gwiazdo zaranna, obleczona w słońce  - módl się za nami  Chwały ikono, Dziewico posłuszna - módl się za nami  Gwiazdo przewodnia, Służebnico Pańska - módl się za nami  Matko żyjących, Początku Kościoła - módl się za nami  Bogarodzico, Córo Twego Syna - módl się za nam  Znaku nadziei, Mieszkanie mądrości - módl się za nami "
45,Idź w pokoju, Idź w pokoju    A Bóg Izraela niech  spełni prośbę Którą do Niego zaniosłeś. 
46,"Ja wierzę, że to Jezus"," Ja wierzę, że to Jezus, wierzę, że On Synem Boga jest. On zmarł i powstał, aby żyć i za cenę śmierci życie dał. Ref Wierzę, że jest tu teraz,  stoi pośród nas,  ma moc nas teraz uzdrawiać,  ma przebaczenia dar.  Ja wierzę Tobie Panie, wierzę, że Tyś Synem Boga jest. Zmarłeś i powstałeś, aby żyć, by za cenę śmierci życie dać. RefWierzę, że tutaj jesteś, stoisz pośród nas, masz moc nas teraz uzdrawiać,  masz przebaczenia dar. "
47,Jak Dawid," Jak Dawid, kiedy przed Bogiem był, będę tańczył ze wszystkich sił przed Panem, Królem mym.   Jak Miriam grała na bębnie swym, będę klaskać ze wszystkich sił przed Panem, Królem mym.  Pokłońmy się przed Bogiem,  oddajmy Jemu cześć, wielbijmy Imię Jezus, śpiewajmy Panu pieśń. "
48,Jak dobrze jest dziękować Ci," Jak dobrze jest dziękować Ci Panie i śpiewać psalm Twojemu Imieniu i opowiadać rano Twoje miłosierdzie, a w nocy wierność Twoją przy dziesięciostrunnej harfie i lutni i dźwięcznej cytrze... "
49,Jak ożywczy deszcz," Jak ożywczy deszcz Duchu Święty przyjdź  Dotknij naszych serc, rozpal ognia żar. Dziś przenikaj nas tchnieniem mocy swej, Bądź nam światłem dnia i nadzieją serc.  Dziś przenikaj nas tchnieniem mocy swej, Bądź nam światłem dnia i nadzieją serc. "
50,Jak wielki jest Bóg," To On, nasz Pan i Król  odziany w majestat Swój.  Ziemio raduj się, ziemio raduj się. Okrywa światłość Go, ucieka ciemność i zło,  drży na Jego głos, drży na Jego głos.  Jak wielki jest Bóg,  jak wielki jest Bóg,  jak wielki jest Nasz Bóg.  On czas w swej dłoni ma,  od wieków na wieki trwa,  początkiem, końcem On,  początkiem, końcem On.  Jedyny w Trójcy Bóg, Ojciec, Syn i Duch,  Barankiem jest i Lwem, Barankiem jest i Lwem.  Jak wielki jest Bóg,  jak wielki jest Bóg,  jak wielki jest Nasz Bóg.  Na wieki godzien jest przyjąć chwałę, moc i cześć, ogłaszać chcę jak wielki jest Bóg.  Jak wielki jest Bóg,  jak wielki jest Bóg,  jak wielki jest Nasz Bóg. "
51,Jeden chleb," Jeden chleb, co zmienia się w Chrystusa Ciało, Z wielu ziaren pszenicznych się rodzi.  Jedno wino, co się Krwią Chrystusa stało, Z soku wielu winnych gron pochodzi.  Jak ten chleb co złączył złote ziarna,  Tak niech miłość łączy nas ofiarna. Jak ten kielich łączy kropel wiele, Tak nas, Chryste, w swoim złącz Kościele.  O Pasterzu, zgromadź w jednej swej owczarni, Zabłąkane owce, które giną, W jeden Kościół zbierz na nowo i przygarnij, Byśmy jedną stali się rodziną.  Jak ten chleb co złączył złote ziarna,  Tak niech miłość łączy nas ofiarna. Jak ten kielich łączy kropel wiele, Tak nas, Chryste, w swoim złącz Kościele.  Na ramiona swoje weź, o Panie, Tych, co sami wrócić już nie mogą! Niechaj zjednoczenia cud się stanie, Prowadź nas ku niebu wspólną drogą.  Jak ten chleb co złączył złote ziarna,  Tak niech miłość łączy nas ofiarna. Jak ten kielich łączy kropel wiele, Tak nas, Chryste, w swoim złącz Kościele. "
52,Jeden jest tylko Pan," Jeden jest tylko Pan, Tutaj jest Jego dom. Klęknijcie wszyscy, którzy tu wchodzicie, I razem chwalmy Go.  Miejsce to wybrał Pan, Aby wysłuchać nas. Śpiewajcie wszyscy słudzy w Jego domu, Bogu oddajmy cześć! "
53,"Jedyny Pan, prawdziwy Bóg"," Jedyny Pan, prawdziwy Bóg  Wszystko co mam, oddaję Mu On jedynym Panem jest  Sz`ma Izrael "
54,Jest jedno ciało," Jest jedno Ciało, jest jeden Pan, jednoczy nas w Duchu,  byśmy razem szli.  Usta głoszą chwałę Mu,  w ręku słowa Jego miecz. W moc odziani tak idziemy,  zdobywając ziemię tę.   Jesteśmy ludem Króla chwał,  Jego świętym narodem,  wybranym pokoleniem,  by objawiać Jego cześć.  Jesteśmy ludem Króla chwał,  Jego świętym narodem, wielbijmy Jezusa,  On jest Królem całej ziemi tej. "
55,Jest zakątek na tej Ziemii," Jest zakątek na tej ziemi,  gdzie powracać każdy chce, gdzie króluje Jej Oblicze,  na Nim cięte rysy dwie. Wzrok ma smutny, zatroskany,  jakby chciała prosić cię, byś w matczyną Jej opiekę oddał się.  Madonno, Czarna Madonno, jak dobrze Twym dzieckiem być! O, pozwól, Czarna Madonno, w ramiona Twoje się skryć!  W Jej ramionach znajdziesz spokój i uchronisz się od zła,  bo dla wszystkich swoich dzieci Ona Serce czułe ma. I opieką cię otoczy, Gdy Jej serce oddasz swe, Gdy powtórzysz Jej z radością słowa te:  Madonno, Czarna Madonno, jak dobrze Twym dzieckiem być! O, pozwól, Czarna Madonno, w ramiona Twoje się skryć!  Dziś, gdy wokół nas niepokój,  Gdzie się człowiek schronić ma, Gdzie ma pójść, jak nie do Matki,  Która ukojenie da? Więc błagamy, o Madonno,  Skieruj wzrok na dzieci swe I wysłuchaj, jak śpiewamy prosząc Cię:  Madonno, Czarna Madonno, jak dobrze Twym dzieckiem być! O, pozwól, Czarna Madonno, w ramiona Twoje się skryć! "
56,Jesteś blisko mnie (Twoja miłość)," Jesteś blisko mnie, a tęsknie za Duchem Twym.  Kocham kroki twe i wiem, jak pukasz do drzwi.  Przychodzisz jak ciepły wiatr, Otwieram się i czuję znów, że:  Twoja miłość jak ciepły deszcz  Twoja miłość jak morze gwiazd za dnia  Twoja miłość sprawia, że  Nieskończenie dobry Święty Duch Ogarnia mnie. "
57,Jesteś Królem," Jesteś Królem, jesteś Królem, królem jest Bóg   Podnieśmy wszyscy nasze serca,  podnieśmy wszyscy nasze dłonie,  stawajmy przed obliczem Pana,  wielbiąc Go. "
58,Jesteś życiem mym," Jesteś życiem mym, więc każdy  ruch robię w Tobie, Jezu! Ty pozwalasz wciąż oddychać mi.  Jesteś droga mą, więc każdy  krok stawiam w Tobie, Jezu! Ty pozwalasz wciąż oddychać mi.  Fale Twoje łaski Panie. Gdzie nie spojrzę tam, wciąż widzę Cię. Twa miłość mnie uwiodła. Jezu jakże to możliwe jest? "
59,Jezu mój Jezu," Jezu mój Jezu,  dziś do Ciebie mówić chcę Ty mi dajesz swojego ducha Uwielbiam Cię. "
60,Jezu Tyś jest,"Jezu, Tyś jest światłością mej duszy, Niech ciemność ma  nie przemawia do mnie już.  Jezu, Tyś jest światłością mej duszy, Daj mi moc przyjąć dziś miłość Twą. "
61,Jezus Chrystus moim Panem jest," Jezus Chrystus moim Panem jest Alleluja.  On kocha mnie, On kocha mnie Alleluja. "
62,Jezus Chrystus to Panów Pan," Jezus Chrystus to panów Pan  i całej ziemi Król.  Jedyny Pan, Władca narodów, jedyny Pan i Bóg.  W innym imieniu nie ma zbawienia,  bo Jezus to Panów Pan, Jezus to Panów Pan, Jezus to Panów Pan. Alleluja, Alleluja, Alleluja. "
63,Jezus daje nam zbawienie," Jezus daje nam zbawienie,  Jezus daje pokój nam. Jemu składam dziękczynienie,  chwałę z serca mego dam.  Jezus siłą mą, Jezus pieśnią mego życia. Królem wiecznym On, niepojęty w mocy swej. W nim znalazłem to czego szukałem do dzisiaj. Sam mi podał dłoń bym zwyciężał każdy dzień.  W Jego ranach uzdrowienie,  w Jego śmierci życia dar. Jego krew to oczyszczenie,  Jego życie chwałą nam.  Jezus siłą mą, Jezus pieśnią mego życia. Królem wiecznym On, niepojęty w mocy swej. W nim znalazłem to czego szukałem do dzisiaj. Sam mi podał dłoń bym zwyciężał każdy dzień. "
64,Jezus najwyższe Imię," Jezus Najwyższe Imię, Nasz Zbawiciel, Książe Pokoju, Emmanuel, Bóg jest z nami, Odkupiciel, Słowo Żywota.  Święty Bóg, Mesjasz prawdziwy, Jedyny Ojca Syn, umiłowany, zgładził grzech, Baranek na wieki, Królów Król i Panów Pan. "
65,Jezus Namaszczony Pan (Twe imię jak miód)," Jezus, Jezus  Święty, Namaszczony Pan, Jezus, Jezus, Jezus Żyje Wywyższony Pan, Jezus.  Twe Imię jak miód na ustach mych, Twój Duch jest jak woda duszy mej, Twe słowo jak lampa u mych stóp, Jezu, ja kocham Cię, ja kocham. "
66,Już teraz we mnie kwitną Twe ogrody,"Już teraz we mnie kwitną Twe ogrody,  Już teraz we mnie Twe królestwo jest. "
67,Każdy dzień upewnia mnie," Każdy dzień upewnia mnie,  Pan w miłości wierny jest, któż by inny mógł jak On, wybaczać co dzień. Boże wiem jak ranię Cię,  Często słabnę gubię sens, Jednak Ty podnosisz mnie I nadzieję dajesz mi.  Nikt nie odbierze mi tego co mam w Tobie.  Pełnię miłości, pełnię radości,  pełnię wolności  mam w Tobie! królestwo jest. "
68,Każdy spragniony," Każdy spragniony i słaby też niech przyjdzie do źródła, serce obmyje swe. Niech ból i cierpienie zanurzy Pan w swym miłosierdziu,  niech głębia woła w nas.  Panie Jezu przyjdź. "
69,Kiedy masz chwile smutne (Matce która pod krzyżem)," Kiedy masz chwile smutne w Twym życiu  Powierz się Matce Kiedy rozpacz rozdziera Twe serce,  Ofiaruj się Jej   Matce która pod krzyżem stała  Matce która się z Synem żegnała  Która uczyć cię będzie pokory, Cierpienia znieść ci pomoże  Ona Matka która pod krzyżem stała Matka która się z Synem żegnała Która uczyć cię będzie pokory, Cierpienia znieść ci pomoże  Kiedy ruszysz w daleką wędrówkę Powierz się Matce Gdy na szlaku zaskoczy cię burza, Ofiaruj się Jej  Matce która pod krzyżem stała  Matce która się z Synem żegnała  Która uczyć cię będzie pokory, Cierpienia znieść ci pomoże  Ona Matka która pod krzyżem stała Matka która się z Synem żegnała Która uczyć cię będzie pokory, Cierpienia znieść ci pomoże  Jeśli zgubisz swą drogę do Boga Powierz się Matce Gdy w twym sercu znów gości trwoga, Ofiaruj się Jej  Matce która pod krzyżem stała  Matce która się z Synem żegnała  Która uczyć cię będzie pokory, Cierpienia znieść ci pomoże  Ona Matka która pod krzyżem stała Matka która się z Synem żegnała Która uczyć cię będzie pokory, Cierpienia znieść ci pomoże "
70,"Kiedy w jasną, spokojną - O Boże"," Kiedy w jasną, spokojną, cichą noc Spoglądam na niebo pełne gwiazd, Wtedy myślę, czy życie to ma sens  I wołam do Ciebie, Ojcze nasz.   O Boże, o Boże, Panie mój, Nie pamiętaj, że czasem było źle. Wiesz dobrze, że zawsze jestem Twój  I że tylko Twoją drogą kroczyć chcę.  Kiedy w życiu tak pełnym rozczarowań Przez grzechu kamienie potknę się, Kiedy spokój utonie w fali knowań, Każdym drżeniem mej duszy szukam Cię.  O Boże, o Boże, Panie mój, Nie pamiętaj, że czasem było źle. Wiesz dobrze, że zawsze jestem Twój  I że tylko Twoją drogą kroczyć chcę.  Życie ludzi przebiega krętą drogą, Hen w górze cel mej wędrówki tkwi, I choć czasem sił braknie moim nogom, To ja dojdę, dojdę, gdy zaufam Ci.  O Boże, o Boże, Panie mój, Nie pamiętaj, że czasem było źle. Wiesz dobrze, że zawsze jestem Twój  I że tylko Twoją drogą kroczyć chcę. "
71,Kiedyś wino i chleb," Kiedyś wino i chleb, teraz ciało i krew. Możesz wierzyć lub nie, to naprawdę dzieje się.   Ciągle czekasz na cud, niespokojny Twój duch, a ja przypomnę, że w ciszy i przy blasku świec  cud największy dzieje się.   Kiedyś wino i chleb, teraz ciało i krew. Możesz wierzyć lub nie, to naprawdę dzieje się.   Wypatrujesz co dnia, czekasz na jakiś znak, a ja przypomnę, że w ciszy i przy blasku świec  cud największy dzieje się. "
72,Kocham więc nie muszę się bać," Kocham, więc nie muszę się bać, zabierz mój strach.  Jezus mówi Ci, że miłość ta  zabiera strach. Jezus drogą! Jezus prawdą! Jezus życiem!   Kocham, więc nie muszę się kryć, mogę sobą być.   Jezus mówi Ci, że miłość ta  zabiera strach. Jezus drogą! Jezus prawdą! Jezus życiem!   Jezus daje Ci miłość swą, nie lękaj się.  Jezus mówi Ci, że miłość ta  zabiera strach. Jezus drogą! Jezus prawdą! Jezus życiem!  "
73,Kto spożywa moje ciało," Kto spożywa moje Ciało i Krew moją pije, trwa we Mnie, a Ja w nim,  będzie żył na wieki.  Ja jestem Chlebem Żywym,  który zstąpił z nieba, jeśli kto ten chleb spożywa  będzie żył na wieki. "
74,Kto spragniony jest,Kto spragniony jest niech przyjdzie do Mnie i pije. Jak rzekło Pismo: Strumienie Wody Żywej  popłyną z Jego wnętrza. Ja pragnącemu dam  pić ze zdrojów zbawienia. 
75,Laudato si," Laudato si, o mi Signore.  Niech Cię wysławia to, co stworzyłeś:  Słońce na niebie, księżyc wśród nocy.  Gwiazdy świecące, wiatry gwałtowne,  Żywioły wodne, ogień gorący.  Laudato si, o mi Signore.  I siostra nasza, matka ziemia, Ta, co nas żywi i wychowuje, Słodkie owoce, kwiaty i zioła, I szczyty górskie, morskie głębiny.  Laudato si, o mi Signore.  Trzeba nam chwalić Ciebie, o Boże, Trzeba nam śpiewać Tobie, o Boże, Bo to jest sensem naszego życia. Niech całe życie będzie piosenką! "
76,Maryjo śliczna Pani," Maryjo, Śliczna Pani, Matko Boga i ludzi na ziemi. Tyś świata Królową, Tyś gwiazdą na niebie,  Ty nas wiedziesz przed Jezusa wieczny tron.   Maryja, Ave Maryja. U Boga nam wybłagaj zdroje łask,  by świat lepszym był, by w miłości żył.  O Maryjo miej w opiece dzieci swe.  Maryjo, Śliczna Pani, świat dziś czuje na swych ustach gorzkie łzy. W sercu ból, smutek żal,  a w oczach wciąż strach, usłysz, Pani, błaganie, pomóż nam.  Maryja, Ave Maryja. U Boga nam wybłagaj zdroje łask,  by świat lepszym był, by w miłości żył.  O Maryjo miej w opiece dzieci swe. "
77,Matko która nas znasz," Matko, która nas znasz, Z dziećmi Twymi bądź,  Na drogach nam nadzieją świeć,  Z Synem Twym z nami idź!   Z wszystkich niewiast wybrana –  przyjdź i drogę wskaż Córko ludu Bożego –  do Syna Twego nas prowadź. Służebnico pokorna –  pokój światu daj.   Matko, która nas znasz, Z dziećmi Twymi bądź,  Na drogach nam nadzieją świeć,  Z Synem Twym z nami idź!   Królowo ognisk rodzinnych –  przyjdź i drogę wskaż Dziewico, wzorze prostoty – do Syna Twego nas prowadź. Oblubienico cieśli –  pokój światu daj.   Matko, która nas znasz, Z dziećmi Twymi bądź,  Na drogach nam nadzieją świeć,  Z Synem Twym z nami idź!   Królowo narodu naszego –  przyjdź i drogę wskaż Uciśnionych nadziejo –  do Syna Twego nas prowadź. Światło łaknących prawdy –  pokój światu daj.   Matko, która nas znasz, Z dziećmi Twymi bądź,  Na drogach nam nadzieją świeć,  Z Synem Twym z nami idź!   Pociecho ludu biednego –  przyjdź i drogę wskaż Pani wszelkiej radości –  do Syna Twego nas prowadź. Matko tkliwego serca –  pokój światu daj.   Matko, która nas znasz, Z dziećmi Twymi bądź,  Na drogach nam nadzieją świeć,  Z Synem Twym z nami idź!   Dziewico, Matko Chrystusa –  przyjdź i drogę wskaż Dziewico, Matko Kościoła –  do Syna Twego nas prowadź. Dziewico, Matko ludzi –  pokój światu daj.   Matko, która nas znasz, Z dziećmi Twymi bądź,  Na drogach nam nadzieją świeć,  Z Synem Twym z nami idź!   Matko, przez Syna nam dana –  przyjdź i drogę wskaż Matko, która nas słuchasz –  do Syna Twego nas prowadź. Ty nas zawsze rozumiesz –  pokój światu daj.   Matko, która nas znasz, Z dziećmi Twymi bądź,  Na drogach nam nadzieją świeć,  Z Synem Twym z nami idź!   Dziewico z nami idąca –  przyjdź i drogę wskaż Historii świata promieniu –  do Syna Twego nas prowadź. Pośredniczko najlepsza –  pokój światu daj .   Matko, która nas znasz, Z dziećmi Twymi bądź,  Na drogach nam nadzieją świeć,  Z Synem Twym z nami idź!   Matko ludzi bezdomnych –  przyjdź i drogę wskaż Matko prześladowanych –  do Syna Twego nas prowadź. Matko dzieci wzgardzonych –  pokój światu daj.   Matko, która nas znasz, Z dziećmi Twymi bądź,  Na drogach nam nadzieją świeć,  Z Synem Twym z nami idź!   Matko ludzi cierpiących –  przyjdź i drogę wskaż Matko z sercem przeszytym –  do Syna Twego nas prowadź. U stóp krzyża stojąca –  pokój światu daj.  "
78,"Memu Bogu, Królowi"," Memu Bogu królowi  będę śpiewał tę pieśń  teraz zawsze na wieki, Amen.  Alleluja, alleluja, alleluja, Amen. "
79,Miłość Twa,"Miłość Twa od najwyższych gór wyższa jest, Wielka jest wierność Twa,  do nieba sięga wzwyż. Miłość Twa głębsza niż ocean bez dna,  Wielka jest wierność Twa, gdy do mnie zniżasz się. "
80,"Mój Jezu, mój Zbawco","Mój Jezu, mój Zbawco,  któż jest tak wielki jak Ty? Przez wszystkie dni wysławiać chcę wspaniałe dzieła Twoich rąk. Mój Panie, Obrońco,  Źródło mych natchnień i sił, niech cały świat,  wszystko co jest zawsze wielbi Imię Twe.  Krzycz na cześć Pana,  rozraduj się w Nim,  ogłaszaj wszędzie, że On Panem jest. Góry ustąpią na dźwięk Jego słów  gdy przemówi Stwórca ziem. Patrzę z podziwem na dzieło Twych rąk, zawsze chcę kochać Cię przy Tobie być! Cóż może równać się z tym,  co u Ciebie mam? "
81,Mój Pan mocą moją jest," Mój Pan mocą moją jest, Pieśnią i Zbawieniem,  On Bogiem mym   Dla ciebie otwieram serce swe  Mój Pan Królem był i jest, na zawsze i na wieki,  Amen. "
82,Mój zbawiciel,"Mój Zbawiciel, on bardzo kocha mnie.  Ja, nie wiem czemu miłością darzy mnie. On mi nowe życie dzisiaj, ofiarować chce będę, będę mieszkał razem z Panem mym! "
83,Mów do mnie Panie," Mów do mnie, Panie,  Chcę słyszeć Cię.  Przyjąć od Ciebie,  Co masz dla mnie.  Nie chcę się chować, Lecz w Tobie skryć. W cieniu Twym Panie Chcę iść.  Święty, potężny jesteś  Panie nasz.  Przed Tobą dziś możemy stać Dzięki łasce,  Nie dzięki nam samym. "
84,Nasz Bóg jest potężny w mocy swej,"Nasz Bóg jest potężny w mocy swej Króluje nad nami dziś Z Nieba rządzi w mocy, miłości, mądrości Swej "
85,Nasz Bóg jest wielki," Wodę zamieniłeś w wino. Ślepi przy Tobie znów widzą,  któż jest jak Ty? Tylko Ty.   Blaskiem rozświetlasz ciemności. Człowiek powstaje z marności, któż jest jak Ty?  Tylko Ty.  Nasz Bóg jest wielki, nasz Bóg jest silny  Boże nikt inny nie równa się z Tobą. Nasz Bóg uzdrawia, jest wszechmogący. Nasz Bóg, Nasz Bóg.  Blaskiem rozświetlasz ciemności. Człowiek powstaje z marności, któż jest jak Ty? Tylko Ty. Jeśli nasz Bóg jest przy nas już nic nas nie zatrzyma!   Nasz Bóg jest wielki, nasz Bóg jest silny  Boże nikt inny nie równa się z Tobą. Nasz Bóg uzdrawia, jest wszechmogący. Nasz Bóg, Nasz Bóg.  Jeśli nasz Bóg jest z nami,  któż jest przeciwko nam?  Któż jest przeciwko nam?  Nasz Bóg jest wielki, nasz Bóg jest silny  Boże nikt inny nie równa się z Tobą. Nasz Bóg uzdrawia, jest wszechmogący. Nasz Bóg, Nasz Bóg. "
86,Nic nie musisz mówić nic, Nic nie musisz mówić nic Odpocznij we mnie  Czuj się bezpiecznie  Pozwól kochać się  Miłość pragnie Ciebie. 
87,Nie bój się (Zostań tu)," Zostań tu i ze mną się módl Razem czuwajmy x2  Nie bój się, nie lękaj się  Bóg sam wystarczy x2 "
88,"Nie bój się, wypłyń na głębię", Nie bój się wypłyń na głębię  Jest przy Tobie Chrystus. 
89,Nie ma za trudnych spraw (Zanim powiem słowo)," Nie ma za trudnych spraw, nie ma zbyt błahych też  dla Ciebie Panie, Ty przecież wszystko wiesz.  Każdą potrzebę znasz, słyszysz mój śmiech i płacz, dla Ciebie Panie, to przecież ważne jest.  Ja wiem, że wszystko jest możliwe,  że nie ma rzeczy bez znaczenia,  dlatego modlę się do Ciebie, Dobry Panie. I wiem  że zanim powiem słowo, Ty Boże znasz już całe zdanie. Uwielbiam Cię, Twoja wola niech się stanie! "
90,Nie zabraknie mi nigdy chleba," Nie zabraknie mi nigdy chleba nie zabraknie mi nigdy wody, bo Ty Panie jesteś  chlebem z nieba, Jezu jesteś źródłem mym. "
91,Niech oblicze Twe,"Niech oblicze Twe, Panie mój,  Zajaśnieje nad sługą Twym.  Niech przenika mnie jego blask. "
92,Niech Twój święty duch (i niech spłynie), Niech Twój Święty Duch  Dziś przenika mnie  I niech zawsze już  Gości w duszy mej.   I niech spłynie deszcz  Błogosławieństw Twych  Ojcze obmyj mnie   Duchu Święty przyjdź  Duchu Święty przyjdź Działaj z mocą w nas Duchu Święty przyjdź Przemień smutku czas  I niech spłynie deszcz  Błogosławieństw Twych  Ojcze obmyj mnie  
93,Niechaj Cię Panie," Niechaj Cię Panie  wielbią wszystkie Twoje dzieła i Święci Twoi niech Cię błogosławią,  Niech mówią o chwale  Twojego Królestwa  i niech głoszą Twoją potęgę. "
94,Niechaj miłość Twa," Niechaj miłość Twa Jak potężna fala  Spłynie tu  Przez łaski Twej zdrój, Chryste dotknij mnie. "
95,Niechaj zstąpi Duch Twój," Niechaj zstąpi Duch Twój i odnowi ziemię, Życiodajny spłynie deszcz na spragnione serce.  Obmyj mnie i uświęć mnie, Uwielbienia niech popłynie pieśń.  Chwała Jezusowi, który za mnie życie dał, Chwała Temu, który pierwszy umiłował mnie. Jezus, tylko Jezus Panem jest! "
96,Niepojęta łaska," On jest Ojcem sierot, opiekunem wdów jest dobry Bóg,  dom swój daje wszystkim opuszczonym.  Zsyła deszcz obfity na to co spragnione wyczerpane  jest, dobry jest dla biednych,  w łasce swej nasz Bóg do nas uniżył się.   Niepojęta łaska Jego wciąż dosięga nas, gdy  podnosi przemienia serca i uwalnia nas. Prawda ta.   On zna każde serce,  nie odwraca się gdy wzywamy Go.  Kocha nas pomimo  tego, że tak niewiele możemy Mu dać.   Niepojęta łaska Jego wciąż dosięga nas, gdy  podnosi przemienia serca i uwalnia nas.  Prawda ta.  "
97,"Niepojęty, niezmierzony"," Z głębokości mórz aż po szczyty gór stworzenie objawia majestat Twój. Od kolorów jesieni po wiosenny nów wszystko śpiewa ci pieśń  pełną cudownych słów Ogłaszając.   Niepojęty, niezmierzony,  gwiazdy stworzyłeś na niebie  i każdą z nich znasz,  wspaniałym Bogiem Tyś jest. Wszechmogący, nieskończony,  w zachwycie klękamy przed Tobą, by wyznać to że,  wspaniałym Bogiem Tyś jest.  Kto uwalnia błyskawic moc  w czasie burz, kto maluje kolory porannych zórz, Słońce stworzył na niebie  i dał mu swą moc orzeźwienie przynosi  w gwieździstą noc, Tylko Ty.  Niepojęty, niezmierzony,  gwiazdy stworzyłeś na niebie  i każdą z nich znasz,  wspaniałym Bogiem Tyś jest. Wszechmogący, nieskończony,  w zachwycie klękamy przed Tobą, by wyznać to że,  wspaniałym Bogiem Tyś jest. "
98,O Panie Ty nam dajesz," O Panie, Ty nam dajesz ciało swe i krew.  Do Ciebie więc idziemy wciąż,  radosną nucąc pieśń:  Ty jesteś Bogiem wiernym na wieczny czas.   Przez dar Twojego Chleba,  dobry Boże nasz rodzinę bratnią czynisz z nas,  miłować uczysz nas.  Ty jesteś Bogiem wiernym na wieczny czas.   To Twoje miłowanie dało wolność nam.  Chwalimy Święte Imię Boga,  jak uczyłeś nas.  Ty jesteś Bogiem wiernym na wieczny czas.   Tyś nam wyznaczył drogę  wiodącą na twój szlak idziemy więc, by radość nieść  tam, gdzie jej światu brak.  Ty jesteś Bogiem wiernym na wieczny czas.  "
99,O piękności niestworzona," O piękności niestworzona  kto Ciebie raz poznał  ten nic innego pokochać nie może. Czuję, że tonę w Nim jako jedno ziarenko piasku w bezdennym oceanie  Czuję, że nie ma ani jednej kropli krwi we mnie, która by nie płonęła miłością ku Tobie.  Miłosierdzie Boże "
100,"O stworzycielu, Duchu przyjdź"," O Stworzycielu, Duchu, przyjdź, Nawiedź dusz wiernych Tobie krąg. Niebieską łaskę zesłać racz Sercom, co dziełem są Twych rąk.  Pocieszycielem jesteś zwan I najwyższego Boga dar. Tyś namaszczeniem naszych dusz, Zdrój żywy, miłość, ognia żar.  Ty darzysz łaską siedemkroć, Bo moc z prawicy Ojca masz, Przez Boga obiecany nam, Mową wzbogacasz język nasz.  Światłem rozjaśnij naszą myśl, W serca nam miłość świętą wlej I wątłą słabość naszych ciał Pokrzep stałością mocy Twej.  Nieprzyjaciela odpędź w dal I Twym pokojem obdarz wraz. Niech w drodze za przewodem Twym Miniemy zło, co kusi nas.  Daj nam przez Ciebie Ojca znać, Daj, by i Syn poznany był. I Ciebie, jedno tchnienie Dwóch, Niech wyznajemy z wszystkich sił.  Niech Bogu Ojcu chwała brzmi, Synowi, który zmartwychwstał, I Temu co pociesza nas Niech hołd wieczystych pynie chwał. Amen. "
101,O wychwalajcie Go," O wychwalajcie go wszystkie narody  i wysławiajcie go wszystkie ludy. Jego łaskawość nad nami potężna, a jego wierność trwa na wieki.  O alleluja, alleluja!!! "
102,Oczekuję Ciebie Panie," Nie chcę zbyt wysoko sięgać Panie,  Patrzeć tam gdzie pycha lśni i chwała  Chociaż tak wyniosłe ich mieszkanie,  Choć zazdrości godny świata pałac.   Oczekuję Ciebie Panie,  Jesteś mym oczekiwaniem  Uspokajasz serce moje,  Uciszeniem jesteś i pokojem mym.  Nie chcę by się wywyższało serce Wszystko, czego pragnę to Twe progi W ciszy na Twym progu siedzieć będę Cieszyć się, że jesteś moim Bogiem  Oczekuję Ciebie Panie,  Jesteś mym oczekiwaniem  Uspokajasz serce moje,  Uciszeniem jesteś i pokojem mym. "
103,Oczyść serce me," Oczyść serce me, chcę jak złoto lśnić  I jak czyste srebro. Oczyść serce me, chcę czystego złota,  blaskiem lśnić.  Zstąp ogniu, zstąp, przyjdź oczyść serce me,  Pragnę być święty, Tobie oddany, Panie. Chcę zawsze być święty,  Tobie mój Mistrzu na zawsze oddany, Gotów, by służyć Ci.   Oczyść serce me, obmyj swoją krwią, Spraw, bym mógł być święty. Oczyść serce me, Z najtajniejszych grzechów oczyść je.  Zstąp ogniu, zstąp, przyjdź oczyść serce me,  Pragnę być święty, Tobie oddany, Panie. Chcę zawsze być święty,  Tobie mój Mistrzu na zawsze oddany, Gotów, by służyć Ci.  "
104,Oddajmy cześć," Oddajmy cześć Wiecznemu Panu Chwał, pokłońmy się, temu który rozpostarł niebiosa i utwierdził ziemi krąg.  Jego chwała wznosi się ponad szczyty gór. Jego Łaska nad nami jest, a niebo Jego tron!   Bóg to nasz Pan i tylko On! "
105,Odnów mnie, Uczyń mnie gałązka w krzewie winnym Duchem płonącym jak ognisty krzew Niech liście me nie zwiędną nigdy  Oczyść mnie i pozwól w sobie trwać  Odnów mnie daj przynosić dobry owoc Wyzwól mnie i nowe życie daj zasadź mnie nad płynąca żywa wodą. Uświęć mnie i naucz w sobie trwać  Ty którego miłuje dusza moja wskaż mi gdzie pasiesz stada swe Ku źródłom wody żywej mnie prowadź Bym nie błąkał się szukając Cię.  Odnów mnie daj przynosić dobry owoc Wyzwól mnie i nowe życie daj zasadź mnie nad płynąca żywa wodą. Uświęć mnie i naucz w sobie trwać 
106,Ofiaruję Tobie," Ofiaruję Tobie, Panie mój całe życie me, cały jestem Twój, aż na wieki. Oto moje serce, przecież wiesz, Tyś miłością mą jedyną jest. "
107,Oto ja poślij mnie," Oto ja poślij mnie Dotknij ogniem moich warg Powiedz Panie czego chcesz A moją rozkoszą będzie być posłusznym.  Daj mi swego ducha,  abym mógł stać się chlebem Abym stał się winem, abym gasił twe pragnienie.  Oto ja poślij mnie Dotknij ogniem moich warg Powiedz Panie czego chcesz A moją rozkoszą będzie być posłusznym.  Nie chce Ci już mówić  o moich potrzebach, Panie Ty wiesz wszystko.  Objaw mi Twe pragnienia. "
108,Oto jest dzień," Oto jest dzień, który dał nam Pan weselmy się i radujmy się w nim. "
109,Oto stoję u drzwi," Oto stoję u drzwi i kołaczę. Oto stoję u drzwi i kołaczę. Jeśli kto posłyszy mój głos i drzwi otworzy wejdę do niego i będę z nim wieczerzał,  a on ze mną. "
110,Otwórz me oczy o Panie," Otwórz me oczy, o Panie, otwórz me oczy i serce, chcę widzieć Ciebie.  Wywyższonego widzieć chcę, ujrzeć Ciebie w blasku Twej chwały. Wylej Swą miłość i moc, gdy śpiewam  święty, święty, święty. chcę widzieć Ciebie. "
111,Oświeć drogę mą," Oświeć drogę mą,  choćby na jeden krok I nie pozwól mi w miejscu stać. Ciągle czekam na cud Abyś nowe pragnienie w moje serce wlał. "
112,Pa-a-an jest pasterzem moim," Pan jest pasterzem moim,  niczego mi nie braknie. Na zielonych niwach pasie mnie, nad wody spokojne mnie prowadzi  i duszę mą pokrzepia i wiedzie mnie ścieżkami sprawiedliwości swojej.   Choćbym nawet szedł ciemną doliną  zła się nie ulęknę, boś Ty ze mną.  Laska Twoja i kij Twój mnie pocieszają.  Laj laj… "
113,Pan - jest moim pasterzem,"Pan – jest moim pasterzem, niczego mi nie braknie. Pozwala mi leżeć na zielonych pastwiskach, niczego mi nie braknie. Prowadzi mnie nad wody,  gdzie mogę odpocząć,  niczego mi nie braknie. "
114,Pan blisko jest,"  Pan blisko jest, oczekuj Go  Pan blisko jest, w Nim serca moc. "
115,Pan jest pasterzem moim," Pan jest pasterzem moim,  niczego mi nie braknie. Na zielonych niwach pasie mnie, nad wody spokojne mnie prowadzi  i duszę mą pokrzepia i wiedzie mnie ścieżkami sprawiedliwości swojej.   Choćbym nawet szedł ciemną doliną  zła się nie ulęknę, boś Ty ze mną.  Laska Twoja i kij Twój mnie pocieszają.  Laj laj… "
116,Pan mnie strzeże," Czuwa nade mną Bóg  mój Bóg.  Pan mnie strzeże, Pan mnie strzeże, czuwa nade mną Bóg,  On jest moim cieniem.   Chcę z Tobą chodzić  po wszystkich mych drogach, Prowadź mnie w mocy swej  abym nie upadł!  Pan mnie strzeże, Pan mnie strzeże, czuwa nade mną Bóg,  On jest moim cieniem.  "
117,Pan wywyższony," Pan wywyższony, nasz Król wywyższony wśród chwał, uwielbiajmy Go. Pan wywyższony, nasz Król wywyższony oddajmy Jemu cześć!  Królem jest Pan, Jego łaska na wieki trwa. Niebo i Ziemia, radują się Jego imieniem. Pan wywyższony, nasz Król wywyższony wśród chwał. "
118,Panie dobry jak chleb," Panie dobry jak chleb bądź uwielbiony od swego Kościoła, bo Tyś do końca nas umiłował, do końca nas umiłował.  Tyś na pustkowiu chleb rozmnożył, Panie,  byśmy do nieba w drodze nie ustali, Tyś stał się Manną wędrowców przez ziemię,  dla tych, co dotąd przy Tobie wytrwali.  Panie dobry jak chleb bądź uwielbiony od swego Kościoła, bo Tyś do końca nas umiłował, do końca nas umiłował.  Ziarna zbierzemy, odrzucimy chwasty, bo łan dojrzewa, pachnie świeżym chlebem. Niech ziemia nasza stanie się ołtarzem, a chleb komunią dla spragnionych Ciebie.  Panie dobry jak chleb bądź uwielbiony od swego Kościoła, bo Tyś do końca nas umiłował, do końca nas umiłował.  Ty nas nazwałeś swymi przyjaciółmi, jeśli spełnimy, co nam przykazałeś. Cóż my bez Ciebie, Panie, uczynimy? Tyś naszym Życiem i Oczekiwaniem.  Panie dobry jak chleb bądź uwielbiony od swego Kościoła, bo Tyś do końca nas umiłował, do końca nas umiłował.  Tyś za nas życie Swe na krzyżu oddał, a w znaku Chleba z nami pozostałeś i dla nas zawsze masz otwarte Serce, bo Ty do końca nas umiłowałeś. "
119,Panie mój przychodzę dziś," Panie mój przychodzę dziś, serce me skruszone przyjm. Skłaniam się przed świętym tronem Twym. Wznoszę ręce moje wzwyż, miłość mą wyznaje Ci.  Uwielbiam Ciebie w duchu, uwielbiam w prawdzie Cię. "
120,Panie pozostań," Panie pozostań,  Ma się ku wieczorowi,  Dzień się już nachylił. "
121,Panu chwała i cześć," Panu chwała i cześć,  głosimy chwałę i cześć.  Panu chwała i cześć, potężnym Bogiem jest.  Ty, co mieszkasz na wyspach, Ty, co morza przemierzasz i Ty, mieszkańcu miasta wznieś swój głos i zaśpiewaj!  Panu chwała i cześć,  głosimy chwałę i cześć.  Panu chwała i cześć, potężnym Bogiem jest.  Śpiewaj Panu pieśń nową, ogłoś chwałę po krańcach ziemi, niech każdy naród wyzna Jego cześć tak, aby każdy usłyszał "
122,Pewnej nocy łzy," Pewnej nocy łzy z oczu mych otarł dłonią swą Jezus I powiedział mi: „Nie martw się,  Jestem przy boku twym.” Potem spojrzał na grzeszny świat  pogrążony w ciemności I zwracając się do mnie pełen troski tak rzekł:  Powiedz ludziom, że kocham ich, że się o nich wciąż troszczę.  jeśli zeszli już z moich dróg,  powiedz, że szukam ich.  Gdy na wzgórzu Golgoty za nich życie oddałem To umarłem za wszystkich aby każdy mógł żyć. Nie zapomnę tej chwili, gdy mnie spotkał mój Jezus. Wtedy byłem jak ślepy on przywrócił mi wzrok.  Powiedz ludziom, że kocham ich, że się o nich wciąż troszczę.  jeśli zeszli już z moich dróg,  powiedz, że szukam ich. "
123,Podnieś mnie Jezu, Podnieś mnie Jezu i prowadź do Ojca Podnieś mnie Jezu i prowadź do Ojca Zanurz mnie w wodzie  Jego miłosierdzia  Amen Amen 
124,Pokój Wam nie bójcie się," Pokój Wam, pokój Wam, pokój Wam, nie bójcie się  Weźmijcie Ducha Świętego, Weźmijcie Ducha Świętego, On poprowadzi was. "
125,Pomódl się Miriam," Pomódl się Miriam,  aby Twój Syn żył we mnie. Pomódl się, by Jezus we mnie żył. Gdzie Ty jesteś, zstępuje Duch Święty. Gdzie Ty jesteś, niebo staje się.   Miriam, Tyś jest bramą do nieba, moim niebem jest Twój Syn Weź mnie, weź mnie do Swego łona, bym bóstwem Jezusa zajaśniał jak Ty.  Pomódl się Miriam,  aby Twój Syn żył we mnie. Pomódl się, by Jezus we mnie żył. Gdzie Ty jesteś, zstępuje Duch Święty. Gdzie Ty jesteś, niebo staje się.  Gdybym umarł, Jezus żyłby we mnie. Gdybym umarł, odpocząłbym. Przyspiesz, przyspiesz moją śmierć. Pragnę umrzeć, aby żyć. "
126,Powietrzem moim jest," Powietrzem moim jest   Obecność Twoja, święta w sercu mym.  Powszednim chlebem mym  Twe żywe słowo dane mi dziś  Bez Ciebie nie mogę już żyć  Dla Ciebie me serce chce bić. "
127,Prawda jedyna," Prawda jedyna, słowa Jezusa z Nazaretu,  Że Swego Syna posłał ludziom Bóg na świat, Aby niewinnie cierpiąc zmarł za nasze grzechy I w pohańbieniu przyjął winy wszystkich nas.  Dzięki Ci, Boże mój, za ten krzyż, Który Jezus cierpiał za mnie,  Jezus cierpiał za mnie.  Uwierz w Jezusa, przecież On za ciebie umarł I z miłości do nas przyszedł z nieba na ten świat. Błogosławiony, ten kto wierzy, choć nie widział, Zaufaj dziś Bogu, a na wieki będziesz żyć.  Dzięki Ci, Boże mój, za ten krzyż, Który Jezus cierpiał za mnie,  Jezus cierpiał za mnie. "
128,Przed obliczem Pana uniżmy się," Przed obliczem Pana uniżmy się.  Pan sam wywyższy nas. Jego jest ziemia i czas,  Pan sam wywyższy nas.   Wszystkie swoje troski oddajmy mu.  Pan sam wywyższy nas. Jego jest ziemia i czas,  Pan sam wywyższy nas.   Z pokorą stań przed Panem swym.  Pan sam wywyższy nas. Jego jest ziemia i czas,  Pan sam wywyższy nas.  "
129,Przed Tronem Twym," Przed tronem Twym stoimy Wpatrzeni w Twej miłości blask Do Ciebie Panie podobni Stajemy się widząc Twą twarz  Chwała Twa wypełnia nas Obecności Twojej blask Gdy wielbimy Ciebie, wiem  Jesteś tu  Chwała, cześć, mądrość, moc, Błogosławieństwo, na wieki! Na wieki!  Chwała Twa wypełnia nas Obecności Twojej blask Gdy wielbimy Ciebie, wiem  Jesteś tu "
130,Przychodzisz Panie," Przychodzisz Panie  mimo drzwi zamkniętych  Jezu Zmartwychwstały, ze śladami męki  Ty jesteś z nami, poślij do nas Ducha. Panie nasz i Boże – uzdrów nasze życie. "
131,Przyjaciela mam,"Przyjaciela mam, co pociesza mnie, Gdy o Jego ramię oprę się. W Nim nadzieję mam, uleciał strach. On najbliżej jest, zawsze troszczy się. Królów Król, z nami Bóg  Jezus "
132,Przyjacielu," Przyjacielu, chcę zostać z Tobą,  przy Tobie chcę być  I nie trzeba byś mówił coś,  wystarczy byś był    Bo nie ma większej miłości niż ta, gdy ktoś życie oddaje bym ja mógł żyć   Chcę być z Tobą,  gdy jest mi dobrze i kiedy mi źle Przyjacielu, otwieram przed Tobą  serce swe.    Bo nie ma większej miłości niż ta, gdy ktoś życie oddaje bym ja mógł żyć  "
133,Przyjdź jak deszcz," Przyjdź jak deszcz, ożyw dziś  suchą ziemię naszych serc. Przyjdź jak deszcz na spragniony świat. Dotknij nas tak jak wiatr,  rozpędź smutek, otrzyj łzy, zabierz tam, gdzie się  w radość zmienia strach. Wszystko dziś nowe staje się.  Panie, przyjdź i napełnij mnie  Przyjdź jak deszcz do spragnionych serc  tak pragniemy Ciebie, Panie. Niech Twa moc dziś objawi się,  pokaż swoją chwałę!  Przyjdź jak deszcz, Panie nasz, obmyj gorycz, żal i ból. Pozwól dziś niech nadzieja kwitnie w nas. To, co złe zniknie gdzieś,  nowy dzień nastaje już. Jesteś jak słońca blask w pochmurny czas. Wszystko dziś nowe staje się.  Panie, przyjdź i napełnij mnie  Przyjdź jak deszcz do spragnionych serc  tak pragniemy Ciebie, Panie. Niech Twa moc dziś objawi się,  pokaż swoją chwałę! "
134,"Przywołaj mnie, Panie"," Przywołaj mnie Panie,  przywołaj mnie Panie na pustynię. I niech mój głód Ciebie i moja tęsknota przywoła Ciebie.  Mów do mego serca, mów do mego serca,  Ty znasz jego ukryte doliny. Tam gdzie usychają piękne winnice, Ty wiesz gdzie otworzyć ukryte źródła.  Niech we mnie umilkną pragnienia i myśli, abyś mógł mówić Ty. Niech słowa miłości i przebaczenia przenikną dusze mą.  Mów do mego serca, mów do mego serca,  Ty znasz jego ukryte doliny. Tam gdzie usychają piękne winnice, Ty wiesz gdzie otworzyć ukryte źródła. "
135,Raduje się Dusza ma," Raduje się dusza ma, wielbi Pana swego.  Będę Ci śpiewał z całej siły,  sławić Cię będę za Twe dzieła,  będę Ci śpiewał z całej siły,   Błogosławić będę Twoje imię.  Jest miłosierny Pan zastępów.  Moc jego ramienia nad swym ludem.  Pan mój zbawca. "
136,Rozpięty na ramionach,"  Rozpięty na ramionach Jak sokół na niebie Chrystusie, Synu Boga  Spójrz proszę na ziemię.  Na ruchliwe ulice, zabieganych ludzi.  gdy dzień się już kończy, a ranek się budzi  Uśmiechnij się przyjaźnie z wysokiego krzyża  Do ciężko pracujących, których głód poniża.   Rozpięty na ramionach Jak sokół na niebie Chrystusie, Synu Boga  Spójrz proszę na ziemię.  Pociesz zrozpaczonych, chleba daj głodującym Modlących Ciebie słuchaj i wybacz umierającym Spójrz cierpienia sokole na wszechświat, na ziemię Na cichy ciemny Kościół, dziecko wzywające Ciebie   Rozpięty na ramionach Jak sokół na niebie Chrystusie, Synu Boga  Spójrz proszę na ziemię.  A gdy będziesz nas sądził, Boskie Miłosierdzie Prosimy, Twoje dzieci, nie sądź na miarę siebie. "
137,Schowaj mnie," Schowaj mnie pod skrzydła Swe Ukryj mnie w silnej dłoni Swej.  Kiedy fale mórz chcą porwać mnie Z Tobą wzniosę się, podniesiesz mnie Panie Królem Tyś spienionych wód Ja ufam Ci – Ty jesteś Bóg.   Odpocznę dziś w ramionach Twych  Dusza ma w Tobie będzie trwać.  Kiedy fale mórz chcą porwać mnie Z Tobą wzniosę się, podniesiesz mnie Panie Królem Tyś spienionych wód Ja ufam Ci – Ty jesteś Bóg.  "
138,Serce wielkie nam daj," Serce wielkie nam daj, Zdolne objąć świat. Panie, serce nam daj, Mężne w walce ze złem.  Zwleczmy z siebie uczynki starych ludzi, Zniszczmy wszystko, co budzi Boży gniew, Wdziejmy biel nowych szat w Chrystusie Panu, Nowy człowiek powstanie w każdym z nas.  Serce wielkie nam daj, Zdolne objąć świat. Panie, serce nam daj, Mężne w walce ze złem.  Nowi ludzie w historię wpiszą miłość, Wskażą drogi odnowy ludzkich serc. Nowi ludzie przeżyją własne życie, Tworząc wspólnym wysiłkiem nowy świat.  Serce wielkie nam daj, Zdolne objąć świat. Panie, serce nam daj, Mężne w walce ze złem.  Nowi ludzie przyniosą ziemi pokój, W znaku wiary jednocząc cały świat. Nowi ludzie przyniosą ziemi wolność, Prawda ludzi wyzwoli niszcząc zło. "
139,"Spocznij na nas, Duchu Pana",Spocznij na nas Duchu Pana Duchu mądrości i rozumu  Duchu poznania i bojaźni Bożej Duchu miłości i mocy. 
140,Stoisz u naszych drzwi," Stoisz u naszych drzwi, kołaczesz długo,  słowa życia wiecznego masz. Kto Twój usłyszy głos i drzwi otworzy, będzie trwał w Tobie, a Ty w Nim. Panie wielka jest miłość Twa,  tak cierpliwa,  wierna i łaskawa chcesz ją wnieść  do naszych serc.  Panie wejdź, zamieszkaj w nas Panie Ty dar życia masz. Panie przyjdź, umocnij nas,  byśmy wytrwali w miłości Twej. "
141,Stoję dziś," Stoję dziś, swoje serce,  ręce tak wyciągam  w podziwie dla Tego,  który wszystko dał. Stoję dziś, swoją duszę Panie  w Tobie składam, ja chcę być jak Ty. "
142,Swojego Ducha Panie,Swojego Ducha Panie wylej na nas dziś 
143,Ta krew," Ta Krew z grzechu odmywa nas, ta Krew czyni nas bielszym od śniegu, ta Krew z grzechu odmywa nas, to jest baranka święta Krew. "
144,Tak jest mało czasu (zabierzesz mnie)," Tak jest mało czasu, mało dni, Serce bije tylko kilka chwil. Niespokojnie czeka, wierci się,  Kiedy w końcu Ty przytulisz je. Tak jest mało czasu, mało dni,  Serce bije tylko kilka chwil. Nie wiem, czy Cię poznam, ale wiem,  Że na pewno Ty rozpoznasz mnie.  Zabierzesz mnie na drugi brzeg, Za Tobą będę do nieba biegł   Nie jest wcale ciężko, kiedy wiem, Że na końcu drogi spotkam Cię. Chociaż było tyle trudnych dni, Codziennie bliżej nieba, warto żyć! Tak jest mało czasu, mało dni,  Serce bije tylko kilka chwil. Nie wiem, czy Cię poznam, ale wiem, Że na pewno Ty rozpoznasz mnie.  Zabierzesz mnie na drugi brzeg, Za Tobą będę do nieba biegł   Mijają godziny, mija czas, Szukam Cię na niebie pośród gwiazd. Nie wiem czy Cię poznam, ale wiem, Że na pewno Ty rozpoznasz mnie!  Zabierzesz mnie na drugi brzeg, Za Tobą będę do nieba biegł  "
145,Tak mnie skrusz,"Tak mnie skrusz, tak mnie złam,  tak mnie wypal, Panie  Byś został tylko Ty,  byś został tylko Ty. Jedynie Ty "
146,Tchnij moc," Tchnij moc, tchnij miłość, i przenikaj życie me.  Bo całym sercem swym oddaję Ci cześć, bo każdą myślą swą oddaję Ci cześć i z całej siły swej oddaję Ci cześć, o, Panie mój.  Tchnij moc, tchnij miłość, i przenikaj życie me.  Bo całym sercem swym  uwielbić Cię chcę, bo każdą myślą swą uwielbić Cię chcę i z całej siły swej uwielbić Cię chcę, o, Panie mój. "
147,Tobie chór Aniołów, Tobie chór aniołów Tobie chór aniołów  śpiewa nową pieśń:  Chwała Barankowi!  Alleluja! Alleluja! Alleluja!  Chwała i cześć!  
148,Twe światło jest na drodze mej," Twe światło jest na drodze mej Nikt nie zgasi go  Wiem nie zgubię się, bo we mnie jasno jest  Świecisz Ty, w każdej ciemności  Blaskiem Swym ogarniasz mnie "
149,Ty jesteś chlebem żywym,"Ty jesteś chlebem żywym, kto Cię spożywa nie umrze, kto w Ciebie uwierzy,  nie będzie już pragnął na wieki "
150,Ty jesteś dobry," Ty jesteś dobry,  A łaska Twa, Panie, trwa wiecznie  Ludzie ze wszystkich narodów i ras  Od pokolenia do pokolenia   Wielbimy Cię, Alleluja, Alleluja Wielbimy Cię za dobroć Twą  Dobry jest Pan "
151,Ty jesteś skałą," Ty jesteś Skałą zbawienia mego  W Tobie ma siła i moc  Tyś mą nadzieją i mym natchnieniem  Do Ciebie wznoszę mój głos   Panie wierzę Ci, tak wierzę Ci  Bo Twa miłość wierna jest  Tyś pomocą mą w potrzebach mych  Panie przy Tobie chcę być. "
152,Ty tylko mnie poprowadź," Gdy drogi pomyli los zły i oczy mgłą zasnuje, miej w sobie tę ufność, nie lękaj się. A kiedy gniew świat ci przysłoni i zazdrość jak chwast zakiełkuje, miej w sobie tę ufność, nie lękaj się.  Ty tylko mnie poprowadź, Tobie powierzam mą drogę. Ty tylko mnie poprowadź, Panie mój.  Poprowadź jak Jego prowadzisz przez drogi najprostsze z możliwych i pokaż mi jedną, tę jedną z nich. A kiedy już głos Twój usłyszę i karmić się będę nim co dzień miej w sobie tę ufność, nie lękaj się.  Ty tylko mnie poprowadź, Tobie powierzam mą drogę. Ty tylko mnie poprowadź, Panie mój. "
153,Ty wskazałeś drogę do miłości," Ty wskazałeś drogę do miłości, Ty Panie.  Ty zmieniłeś świat swym zmartwychwstaniem, Ty Panie,   Tylko Ty jeden wiesz,  co w mym sercu dzieje się,  tylko Ty, Panie, Tylko Ty.   Ty oddałeś życie  za nas wszystkich, Ty Panie i dlatego jesteś tak mi bliski, Ty Panie,   U twych stóp cały świat,  Ty wiesz co czeka nas, Tylko Ty, Panie, Tylko Ty.  W moim sercu jesteś  w dzień i w nocy, Ty Panie, choć mym oczom jesteś  niewidoczny, Ty Panie,  Tylko Ty jeden wiesz,  co w mym sercu dzieje się, tylko Ty możesz pomóc mi. "
154,Ty światłość dnia," Ty światłość dnia, wszedłeś w moje ciemności,  dałeś mi wzrok, abym mógł widzieć Twą twarz i spojrzenie miłości, w którym roztapiasz mój strach.  Jestem tu, by wielbić, by oddawać chwałę, jestem tu, by wyznać to mój Bóg.  Dobry i łaskawy, cały tak wspaniały, ponad wszystko cenny dla mnie jest.  Ty czasów Król, wywyższony na wieki, jaśnieje w niebie Twój tron. Zszedłeś na ziemię, by stać się człowiekiem, by rajem stał się mój dom.  Jestem tu, by wielbić, by oddawać chwałę, jestem tu, by wyznać to mój Bóg.  Dobry i łaskawy, cały tak wspaniały, ponad wszystko cenny dla mnie jest.  I niczym nie odpłacę się za miłość Twą i za Twój Krzyż.  Jestem tu, by wielbić, by oddawać chwałę, jestem tu, by wyznać to mój Bóg.  Dobry i łaskawy, cały tak wspaniały, ponad wszystko cenny dla mnie jest. "
155,"Tyś jest Bóg, wywyższamy Cię","Tyś jest Bóg wywyższamy Cię, Tyś jest Pan uwielbiamy Cię,  Tyś nasz odwieczny Ojciec,  Twe stworzenie wielbi Cię.  Amen. "
156,Ubi Caritas (Tam gdzie miłość)," Ubi caritas et amor  ubi caritas deus ibi es.   Tam gdzie miłość jest i dobroć, Tam gdzie miłość jest,  tam mieszka Bóg. "
157,Ukaż mi Panie swą twarz,Ukaż mi Panie Swą twarz  Daj mi usłyszeć Twój głos Bo słodki jest Twój głos I twarz pełna wdzięku  Ukaż mi Panie Swą twarz 
158,Uwielbiajcie Pana ludzkich serc," Uwielbiajcie Pana ludzkich serc bijące dzwony. Padnij na kolana przed Nim ludu utrudzony. a On osuszy twoje łzy, on ratunkiem będzie Ci. a U Jego stóp padnie wróg,  bo On Bóg niezwyciężony. a Niepojęty w swej mądrości,  Święty, święty Bóg miłości .  a Śpiewaj Panu ziemio,  chwalcie wszystkie świata strony. "
159,Uwielbiam Imię Twoje Panie," Uwielbiam imię Twoje Panie, wywyższam Cię i daję Ci hołd, w przedsionku chwały Twej staję, z radością śpiewam Ci pieśń.  O Panie Jezu chcę wyznać, że ja kocham Ciebie, Ty zmieniasz mnie. Chcę Ci dziękować dziś ze wszystkich sił.  Dajesz mi siebie bym na wieki żył. "
160,Uwielbiam Twoje Imię," Uwielbiam Twoje Imię,  Uwielbiam Twoje serce Uwielbiam święte rany  zadane w krwawej męce  Uwielbiam Twoją drogę i z Krzyża siedem słów "
161,W cieniu Twoich rąk," W cieniu Twoich rąk ukryj proszę mnie. Gdy boję się, gdy wokół mrok, bądź światłem, bądź nadziei dniem.  Wszystkim o czym śnię, głosem w sercu mym.  Jak ręka, która trzyma mnie nad brzegiem nocy, brzegiem dni. Bądź jak skrzydła dwa kiedy braknie sił.  Chwyć mnie i nieś. Niech niebo bliżej będzie.  Tak bardzo chcę w ramionach skryć się Twych. "
162,W swe ramiona, W swe ramiona mnie weź  Mocą krzyża dodaj sił  W księgę życia wpisz mnie Do swej chwały przyjąć chciej. 
163,W swoim wielkim (Pieśń o nadziei)," W swoim wielkim miłosierdziu, Bóg nas zrodził do nadziei, W swoim wielkim miłosierdziu, Bóg nas zrodził do nadziei,  Do wielkiej nadziei. "
164,W Tobie jest światło," W Tobie jest światło każdy mrok rozjaśnia W Tobie jest życie Ono śmierć zwycięża Ufam Tobie ,miłosierny  Jezu wybaw nas "
165,Wejdźmy do Jego bram," Wejdźmy do Jego bram z dziękczynieniem, U Jego tronu oddajmy cześć. Wejdźmy do Jego bram z uwielbieniem, Radosną Panu śpiewajmy pieśń. Rozraduj się w Nim, Twym Stworzycielu, Rozraduj się w Nim, Światłości Twej, Rozraduj się w Nim, Twym Zbawicielu, Rozraduj się w Nim i wywyższać Go chciej.  Alleluja, alleluja, alleluja, alleluja! "
166,Wielbi Dusza moja Pana (Magnificat),"Wielbi dusza moja Pana i raduje się duch mój w Bogu, Zbawicielu moim. Bo wejrzał na uniżenie swojej służebnicy, Oto bowiem odtąd  błogosławić mnie będą wszystkie pokolenia.  Gdyż wielkie rzeczy uczynił mi Wszechmocny,  A Jego imię jest święte. Jego miłosierdzie z pokolenia na pokolenia nad tymi, którzy się Go boją. Okazał moc swego ramienia, rozproszył pyszniących się zamysłami serc swoich. Strącił władców z tronu, a wywyższył pokornych. Głodnych nasycił dobrami, A bogatych z niczym odprawił. Ujął się za swoim sługą, Izraelem, pomny na swe miłosierdzie. Jak obiecał naszym ojcom, Abrahamowi i jego potomstwu na wieki. Chwała Ojcu i Synowi i Duchowi Świętemu Jak była na początku, teraz i zawsze  i na wieki wieków Amen. "
167,Wielbić Pana chcę," Wielbić Pana chcę,  radosną śpiewać pieśń  Wielbić Pana chcę,  On źródłem życia jest "
168,Wiele jest serc," Wiele jest serc które czekają na Ewangelię,  Wiele jest serc, które czekają wciąż.  Napełnij serce twoje  tym kosztownym nasieniem.  A zobaczysz, że Bóg  poprowadzi Cię do ludzi.   Wiele jest serc które czekają na Ewangelię,  Wiele jest serc, które czekają wciąż.  Sam zobaczysz, że Bóg  poprowadzi cię do ludzi, Których będziesz mógł  zaprowadzić do Chrystusa.  "
169,Wierzę w Ciebie Panie," Wierzę w Ciebie Panie coś mnie obmył z win,  wierzę, że człowiekiem stał się Boży Syn. Miłość Ci kazała krzyż na plecy brać,  w tabernakulum zostałeś, aby z nami trwać.  Jesteś przewodnikiem nam do wieczności bram,  tam przygarniasz nas do siebie.  Tyś jest moim życiem, boś Ty żywy Bóg, Tyś jest moją drogą, najpiękniejszą z dróg. Tyś jest moją prawdą, co oświeca mnie, boś odwiecznym Synem Ojca,  który wszystko wie. Nic mnie nie zatrwoży już  wśród najcięższych burz, bo ty Panie jesteś ze mną.  Tyś jest moją siłą, w Tobie moja moc, Tyś jest mym pokojem w najburzliwszą noc, Tyś jest mym ratunkiem, gdy zagraża toń, moją słabą ludzką rękę ujmij w swoją dłoń. Z Tobą przejdę poprzez świat w ciągu życia lat i nic złego mnie nie spotka.  Tobie Boże Ojcze wiarę swoją dam. W Tobie Synu Boży ufność swoją mam. Duchu Święty Boże w serce moje zstąp i miłości Bożej ziarno rzuć w me serce w głąb. W duszy mojej rozpal żar, siedmioraki dar, daj mi stać się Bożą rolą. "
170,Wszelka chwała," Wszelka chwała, wszelka cześć,  Wszelka Moc Twoja jest.   Święty Ojcze, uwielbiam Cię,  Drogi Jezu, mój Zbawco, Duchu Święty, czekam, przyjdź,   Ześlij ogień. "
171,Wszyscy ludzie (Nadejdzie dzień)," Wszyscy ludzie klaszczą w dłonie,  cała ziemia śpiewa, śpiewa. Wielka radość na Syjonie, Król zstępuje z nieba, z nieba.  Nadejdzie dzień, nadejdzie dzień, zobaczy to każdy z nas. Nadejdzie dzień, nadejdzie dzień, uwielbi Go cały świat. "
172,Wszystkie narody klaskajcie," Wszystkie narody, klaskajcie w dłonie,  wykrzykujcie Bogu radosnym głosem,  bo Pan Najwyższy jest Królem  nad całą ziemią    Śpiewajcie, wszystkie  narody. Śpiewajcie radosnym głosem. Śpiewajcie Królowi. "
173,Wszystko mogę w Tym," Wszystko mogę w tym,  który mnie umacnia  Jezus, On mnie umacnia "
174,Wykrzykujcie Bogu," Wykrzykujcie Bogu, wykrzykujcie Królowi, klaszczcie w dłonie i hymny śpiewajcie.    Pan najwyższy, straszliwy –  Jest Królem całej ziemi!  On poddaje nam narody –  Jest Królem całej ziemi! Ludy rzuca nam pod stopy –  Jest Królem całej ziemi! Bóg Abrahama!  Wykrzykujcie Bogu, wykrzykujcie Królowi, klaszczcie w dłonie i hymny śpiewajcie.    Wybrał dla nas dziedzictwo –  Jest Królem całej ziemi! Bo nas bardzo miłuje –  Jest Królem całej ziemi! Śpiewajcie Mu, śpiewajcie –  Jest Królem całej ziemi! Bóg Abrahama, Izaaka i Jakuba.  Wykrzykujcie Bogu, wykrzykujcie Królowi, klaszczcie w dłonie i hymny śpiewajcie.    On zasiada na tronie –  Jest Królem całej ziemi! Możni świata hołd Mu złożą –  Jest Królem całej ziemi! Bo do Niego należą –  Jest Królem całej ziemi! Bóg Abrahama, Izaaka i Jakuba. "
175,Wykrzykujcie na cześć Pana," Wykrzykujcie na cześć Pana  wszystkie ziemie,  wśród okrzyków i radości wysławiajcie Go.  Wiedzcie, że Pan jest Bogiem, On sam stworzył nas.  Jesteśmy Jego ludem,  jesteśmy Jego własnością.  Wykrzykujcie na cześć Pana  wszystkie ziemie,  wśród okrzyków i radości wysławiajcie Go.  W Jego bramy wstępujcie z dziękczynieniem, wśród hymnów w Jego przedsionki, błogosławcie imię Jego, chwalcie Pana dziś.  Wykrzykujcie na cześć Pana  wszystkie ziemie,  wśród okrzyków i radości wysławiajcie Go.  Albowiem dobry jest Pan, łaskawość Jego na wieki. Albowiem dobry jest Pan, Jego wierność przez pokolenia. "
176,"Wzywam Cię, Duchu przyjdź"," Wzywam Cię Duchu przyjdź  Czekam wciąż byś dotknął mnie  Wołam Cię Panie przyjdź  Jezu Zbawco do dzieci Twych    Jak spragniona ziemia rosy dusza ma  Tylko Ty możesz wypełnić  Serca głód, serca głód  Głębią mórz, potęgą wód Boże mój nie mogę bez Twej miłości żyć Nie chcę bez Ciebie żyć  Jak spragniona ziemia rosy dusza ma  Tylko Ty możesz wypełnić  Serca głód, serca głód "
177,Zaprowadź mnie tam," Zaprowadź mnie tam  skąd powrotu nie ma. Gdzie ustaje wiara, spełnia się nadzieja. Gdzie światłością pachnie  każdy skrawek nieba, bo ją na swój obraz Miłość wylewa. "
178,Zaufaj Panu już dziś," Jak się nie bać, powiedz jak, kiedy w strachu żyje świat.  Zaufaj Panu już dziś. Jak uwierzyć, powiedz mi, kiedy już nie wierzę w nic. Zaufaj Panu już dziś.  Zaufaj Panu już dziś!  Zaufaj Panu już dziś!   Jak mam kochać, powiedz jak, kiedy rani mnie mój brat. Zaufaj Panu już dziś. Jak być dobrym, powiedz mi, kiedy świat jest taki zły. Zaufaj Panu już dziś.  Zaufaj Panu już dziś!  Zaufaj Panu już dziś!   Jak mam walczyć, powiedz jak, kiedy silnej woli brak. Zaufaj Panu już dziś. Jak pokonać własny grzech, kiedy pokus tyle jest. Zaufaj Panu już dziś.  Zaufaj Panu już dziś!  Zaufaj Panu już dziś!   Jak się cieszyć, powiedz mi, kiedy płyną gorzkie łzy. Zaufaj Panu już dziś. Jak do ładu z sobą dojść, kiedy siebie mam już dość. Zaufaj Panu już dziś.  Zaufaj Panu już dziś!  Zaufaj Panu już dziś!   Jak nie zbłądzić, powiedz mi, kiedy nie wiem dokąd iść. Zaufaj Panu już dziś. Jak nadzieję w sercu mieć, kiedy wszystko wali się. Zaufaj Panu już dziś.  Zaufaj Panu już dziś!  Zaufaj Panu już dziś!  "
179,Zbawca," Jesteśmy Twymi dziećmi, potrzebujemy Ciebie,  miłości która trwa.  Dobroci nieskończonej, łaski i nadziei  na wybawienie.  Zbawca, On porusza góry, mój Bóg ma zbawienia moc,  On ma zbawienia moc. Na zawsze sprawca odkupienia, Zmartwychwstał pokonał śmierć Jezus zwyciężył śmierć.  Więc weź mnie, jakim jestem,  z mym grzechem i mym lękiem wypełnij życie me. Oddaję moje serce, wszystko to, w co wierzę oddaję Tobie.  Zbawca, On porusza góry, mój Bóg ma zbawienia moc,  On ma zbawienia moc. Na zawsze sprawca odkupienia, Zmartwychwstał pokonał śmierć Jezus zwyciężył śmierć.  Ześlij światło, niechaj ujrzy świat tę chwałę, co roztacza zmartwychwstały Pan, Jezus.  Zbawca, On porusza góry, mój Bóg ma zbawienia moc,  On ma zbawienia moc. Na zawsze sprawca odkupienia, Zmartwychwstał pokonał śmierć Jezus zwyciężył śmierć. "
180,"Ziemia, którą mi dajesz"," Ziemia, którą mi dajesz  nie jest fikcją ani bajką. Wolność, którą mam w Tobie jest prawdziwa. Wszystkie góry na drodze muszą ustąpić, bo wiara góry przenosi, a ja wierzę Tobie.  Będę tańczyć przed Twym tronem  i oddam Tobie chwałę  i nic już nie zamknie mi ust.  Żaden mur i żadna ściana,  największa nawet tama  Już nie, nie zatrzyma mnie już   Większy, większy jest we mnie Ten, który mnie umacnia. I żaden Goliat nie może z Nim równać się.  Będę tańczyć przed Twym tronem  i oddam Tobie chwałę  i nic już nie zamknie mi ust.  Żaden mur i żadna ściana,  największa nawet tama  Już nie, nie zatrzyma mnie już  "
181,Zmartwychwstał Pan," Zmartwychwstał Pan i żyje dziś  blaskiem jaśnieje noc.  Nie umrę, nie lecz będę żył  Pan okazał swą moc.  Krzyż to jest brama Pana, jeśli chcesz przez nią wejdź.  Zbliżmy się do ołtarza,  Bogu oddajmy cześć.  Dzięki składajmy Mu,  bo wielka jest Jego łaska.  Z grobu powstał dziś Pan,  a noc jest pełna blasku. Chcę dziękować Mu  i chcę Go dziś błogosławić. Jezus, mój Pan i Bóg,  On przyszedł aby nas zbawić.  Zmartwychwstał Pan i żyje dziś  blaskiem jaśnieje noc.  Nie umrę, nie lecz będę żył  Pan okazał swą moc.  Krzyż to jest brama Pana, jeśli chcesz przez nią wejdź.  Zbliżmy się do ołtarza,  Bogu oddajmy cześć.  Lepiej się uciec do Pana  niż zaufać książętom. Pan, moja moc i pieśń,  podtrzymał gdy mnie popchnięto Już nie będę się bał,  cóż może zrobić mi śmierć? Nie, nie lękam się i śpiewam chwały pieśń  Zmartwychwstał Pan i żyje dziś  blaskiem jaśnieje noc.  Nie umrę, nie lecz będę żył  Pan okazał swą moc.  Krzyż to jest brama Pana, jeśli chcesz przez nią wejdź.  Zbliżmy się do ołtarza,  Bogu oddajmy cześć.  Odrzucony Pan  stał się kamieniem węgielnym. Pan wysłuchał mnie,  On jest zbawieniem moim. Cudem staje się noc  gdy w dzień jest przemieniona. Tańczmy dla niego dziś  prawica Pańska wzniesiona.  Zmartwychwstał Pan i żyje dziś  blaskiem jaśnieje noc.  Nie umrę, nie lecz będę żył  Pan okazał swą moc.  Krzyż to jest brama Pana, jeśli chcesz przez nią wejdź.  Zbliżmy się do ołtarza,  Bogu oddajmy cześć. "
182,Łaskawość Twoja Panie,"Łaskawość Twoja Panie sięga nieba, A Twoja wierność samych obłoków. "
183,Łaską jesteśmy zbawieni,"Łaską jesteśmy zbawieni, z łaski możemy tu stać. Łaska usprawiedliwieni i przez Baranka krew. Wzywasz nas Panie do siebie, przez Twój w niebie tron. My łaską obdarzeni Tonie składamy hołd Tobie składamy hołd. "
184,Święte Imię Jezus," Święte Imię Jezus, święte imię Jezus jest na ustach mych i w sercu mym, w mocy Ducha uwielbiam Cię.  Nie ma w innym zbawienia, gdyż nie dano nam ludziom  innego imienia,  w Nim zbawienie jest "
185,Święty Święty... (Otwieram serce swe)," Święty, Święty, Święty, Święty, Święty Pan  Święty, Święty, Święty, Święty Bóg i Król   Otwieram serce swe  Podnoszę ręce swe  Królu wejdź i rozgość się. "
