txt_pl_lem,title
"""  wyzwolić     kajdany   siebie ,  Chrystus stawać  brat nauczyć  wołać   : abba ojciec ! abba ojciec ! abba ojciec !  kościół  drzewo życie  wieczność zapuszczać korzeń , przenikać  codzienność  pokazywać   . abba ojciec ! abba ojciec ! abba ojciec ! Bóg hojny dawca  życie ,  wyswobodzić   śmierć  przygarniać  siebie uczynić swój dziecko . abba ojciec ! abba ojciec ! abba ojciec ! wszystek  brat ,   rodzina .  prawda    zaćmić     godzina . abba ojciec ! abba ojciec ! abba ojciec ! "" ",Abba Ojcze
""" alleluja , alleluja , alleluja , alleluja .  zabrzmieć  chwała  niebiosa ,  wysokość cześć  oddać , wielbić  duch niebieski , wielbić   zastęp . alleluja , alleluja , alleluja , alleluja . słońce , Księżyc wielbić  , gwiazda świecić wielbić  , niebiosa niebiosa wielbić  , woda podniebny wielbić  . alleluja , alleluja , alleluja , alleluja .   wielbić imię  ,   słowo stwarzać wciąż  ,    imię  wzniosły , niechaj  wiek brzmieć  chwała . alleluja , alleluja , alleluja , alleluja .  dawać siła swój lud ,  proch podnosić swój przyjaciel ,  Bóg bliski  Izrael , swój wybrać   umacniać . alleluja , alleluja , alleluja , alleluja .  zabrzmieć chwała ojciec ,  stwarzać ,  syn ,    , duchowy ,    zamieszkiwać  wszystek wiek wiek . amen . "" ",Alleluja (Niech zabrzmi Panu)
""" Bóg  umiłować świat ,  syn swój jednorodzony dać ,      wierzyć  zginąć ,  życie wieczny mieć . ojciec Jezus , Jezus , Jezus ! "" ","Alleluja, Alleluja, Amen Amen, Alleluja"
"""  piękność stworzyć   raz poznać    pokochać  móc . czuć ,  tonąć     ziarenko piasek  bezdenny ocean czuć ,   mieć   kropla krew   ,    płonąć miłość   . miłosierdzie boży "" ","Blisko, blisko, blisko jesteś"
"""  stworzyciel , Duch , przyjść , nawiedzić dusz wierny  krąg . niebieski łaska zesłać raczyć serce ,  dzieło   ręka . pocieszyciel  zwan I najwyższy Bóg dar . Tyś namaścić  dusza , Zdrój żywy , miłość , ogień żar .  darzyć łaski siedemkroć ,  moc  prawica ojciec mieć ,  Bóg obiecać  , mowa wzbogacać język  . światło rozjaśnić  myśl ,  serce  miłość święty wlać I wątły słabość  ciało pokrzepić stałość moc  . nieprzyjaciel odpędzić  dal   pokój obdarzyć wraz .   droga  przewód  minąć zło ,  kusić  . dać    Ojciec znać , dać ,   syn poznać  .   ,  tchnienie  ,  wyznawać  wszystek siła .  Bóg ojciec chwała brzmieć , syn ,  zmartwychwstać ,  temu  pocieszać   hołd wieczysty pynie chwała . amen . "" ",Bo góry mogą ustąpić
"""  wychwalać  wszystek naród  wysławiać  wszystek lud .  łaskawość   potężny ,   wierność trwać  wiek .  alleluja , alleluja ! ! ! "" ",Bo jak śmierć potężna jest miłość
"""  chcieć zbyt wysoko sięgać  , patrzeć   pycha lśnić  chwała chociaż  wyniosły  mieszkanie ,  zazdrość godny świat pałac . oczekiwać   ,   oczekiwanie uspokajać serce  , uciszyć   pokój  .  chcieć   wywyższać serce  ,  pragnąć   próg  cisza   próg siedzieć  cieszyć  ,    Bóg oczekiwać   ,   oczekiwanie uspokajać serce  , uciszyć   pokój  . "" ",Boże Twa łaska
""" oczyścić serce  , chcieć  złoto lśnić   czysty srebro . oczyścić serce  , chcieć czysty złoto , blask lśnić . zstąpić ogień , zstąpić , przyjść oczyścić serce  , pragnąć  święty ,  oddany ,  . chcieć   święty ,   mistrz   oddany , gotowy ,  służyć  . oczyścić serce  , obmyć swój krew , sprawa ,   móc  święty . oczyścić serce  ,  tajny grzech oczyścić  . zstąpić ogień , zstąpić , przyjść oczyścić serce  , pragnąć  święty ,  oddany ,  . chcieć   święty ,   mistrz   oddany , gotowy ,  służyć  . "" ",Była cicha i piękna jak wiosna
""" oddać cześć wieczny  Chwał , pokłonić  ,   rozpostrzeć niebiosa  utwierdzić ziemia krąg .  chwała wznosić   szczyt góra .  łaska    ,  niebo  tron ! Bóg       ! "" ",Bóg nasz Pan
uczynić  gałązka  krzew winny duch płonąć  ognisty krzew  liść   zwiędnąć  oczyścić   pozwolić  siebie trwać odnowić  dać przynosić dobry owoc wyzwolić   nowy życie dać zasadzić   płynąć żywy woda . uświęcić   nauczyć  siebie trwać   miłować dusza  wskazać   paść stado swój  źródło woda żywy  prowadzić    błąkać  szukać  . odnowić  dać przynosić dobry owoc wyzwolić   nowy życie dać zasadzić   płynąć żywy woda . uświęcić   nauczyć  siebie trwać ,Bóg tak umiłował świat
""" ofiarować  ,    życie  ,    ,   wiek .   serce ,  wiedzieć , Tyś miłość  jedyna  . "" ",Będziemy tańczyć
"""   posłać  dotknąć ogień  warga powiedzieć   chcieć   rozkosz   posłuszny . dać  swój duch , abym móc stać  chleb Abym stać  wino , abym gasić  pragnienie .   posłać  dotknąć ogień  warga powiedzieć   chcieć   rozkosz   posłuszny .  chcieć   mówić   potrzeba ,   wiedzieć  . objawić   pragnienie . "" ",Będę śpiewał Ci
"""   dzień ,  dać   weselić   radować    . "" ","Błogosław, duszo moja Pana"
"""  tańczyć ,  śpiewać ,  klaskać  dłoń swój ,    stanąć   twarz  twarz , spotkać   nowy Jeruzalem . refren :  tańczyć ,  śpiewać ,  klaskać  dłoń swój ,     biały szata stawić   ojciec swój ,  Adonai . nadejść dzień ,    spełnić   dawno  objawić Bóg ,  mocno trwać ,   poddawać  ,  poddawać  . "" ",Błogosławcie Pana wszystkie Jego dzieła
"""  stać  drzwi  kołatać .  stać  drzwi  kołatać .   posłyszeć  głos  drzwi otworzyć wejść       wieczerzać ,     . "" ",Błogosławione jest Imię Twe
""" otworzyć  oko ,  Pan , otworzyć  oko  serce , chcieć widzieć  . wywyższyć widzieć chcieć , ujrzeć   blask  chwała . wylać swój miłość  moc ,  śpiewać święty , święty , święty . chcieć widzieć  . "" ",Cała ziemio wołaj
""" oświecić droga  , choćby   krok   pozwolić   miejsce stać . ciągle czekać  cud Abyś nowy pragnienie   serce wlać . "" ",Chcę wywyższać Imię Twe
"""  –   pasterz ,    braknąć . pozwalać  leżeć  zielony pastwisko ,    braknąć . prowadzić   woda ,  móc odpocząć ,    braknąć . "" ",Chlebie najcichszy
"""  blisko  , oczekiwać   blisko  ,   serce moc . "" ",Chrystus Pan karmi nas
"""   pasterz  ,    braknąć .  zielony niwa paść  ,  woda spokojny  prowadzić  dusza  pokrzepiać  wieść  ścieżka sprawiedliwość swój . Choćbym  iść ciemny dolina zło   ulęknąć , boś    . laska   kij   pocieszać . Laj laj … "" ","Chrystus Pan, Boży Syn"
""" czuwać   Bóg  Bóg .   strzec ,   strzec , czuwać   Bóg ,    cień . chcieć   chodzić  wszystek  droga , prowadzić   moc swój abym  upaść !   strzec ,   strzec , czuwać   Bóg ,    cień . "" ",Chwal Adonai
"""  wywyższyć ,  król wywyższyć wśród chwała , uwielbiać  .  wywyższyć ,  król wywyższyć oddać  cześć ! król   ,  łaska  wiek trwać . niebo  ziemia , radować   imię .  wywyższyć ,  król wywyższyć wśród chwała . "" ",Chwalcie Pana niebios
"""  dobry  chleb bądź uwielbić  swój kościół ,  Tyś  koniec  umiłować ,  koniec  umiłować . Tyś  pustkowie chleb rozmnożyć ,  , byśmy  niebo  droga  ustać , Tyś stać  manna wędrowiec  ziemia ,   ,  dotąd   wytrwać .  dobry  chleb bądź uwielbić  swój kościół ,  Tyś  koniec  umiłować ,  koniec  umiłować . ziarno zebrać , odrzucić chwast ,  One dojrzewać , pachnieć świeży chleb .  ziemia  stać  ołtarz ,  chleb komunia  spragniony  .  dobry  chleb bądź uwielbić  swój kościół ,  Tyś  koniec  umiłować ,  koniec  umiłować .   nazwać  swój przyjaciel ,  spełnić ,   przykazać  .     ,  , uczynić ? Tyś  życie  oczekiwanie .  dobry  chleb bądź uwielbić  swój kościół ,  Tyś  koniec  umiłować ,  koniec  umiłować . Tyś   życie swój  krzyż oddać ,   znak chleb   pozostać      mieć otworzyć serce ,    koniec  umiłować  . "" ",Chwalcie łąki umajone
"""   przychodzić  , serce  skruszony przyjm . skłaniać   święty tron  . wznosić ręka  wzwyż , miłość  wyznawać  . uwielbiać   duch , uwielbiać  prawda  . "" ","Chwalę Ciebie, Panie"
"""  śpiewać  piękny pieśń  anioł   śpiewać  święty , święty , święty   , Zastępa  .  ziemia  pełny  chwała "" ",Chwała Bogu Ojcu
"""  pozostać , mieć   wieczór , dzień   nachylić . "" ",Ciebie całą duszą pragnę
"""  chwała  cześć , głosić chwała  cześć .  chwała  cześć , potężny Bóg  .  ,  mieszkać  wyspa ,  ,  morze przemierzać   , mieszkaniec miasto wznieść swój głos  zaśpiewać !  chwała  cześć , głosić chwała  cześć .  chwała  cześć , potężny Bóg  . śpiewać  pieśń nowy , ogłosić chwała  kraniec ziemia ,   naród wyznać  cześć  ,   usłyszeć "" ",Do Ciebie Panie
""" pewien noc łza  oko  otrzeć dłoń swój Jezus I powiedzieć  : „  martwić  ,   bok  . ” potem spojrzeć  grzeszny świat pogrążyć  ciemność  zwracać    pełny troska  rzec : powiedzieć człowiek ,  kochać  ,     wciąż troszczyć .  zejść    droga , powiedzieć ,  szukać  .   wzgórze golgota   życie oddać   umrzeć      móc żyć .  zapomnieć  chwila ,   spotkać  Jezus .     ślepy  przywrócić  wzrok . powiedzieć człowiek ,  kochać  ,     wciąż troszczyć .  zejść    droga , powiedzieć ,  szukać  . "" ",Do mnie wróć
podnieść  Jezus  prowadzić  ojciec podnieść  Jezus  prowadzić  ojciec zanurzyć   woda  miłosierdzie amen amen ,Dobry jest Pan
""" pokój  , pokój  , pokój  ,  bać  wziąć duch święty , wziąć duch święty ,  poprowadzić  . "" ",Dotknij Panie moich oczu
""" pomodlić  Miriam ,   syn żyć   . pomodlić  ,  Jezus   żyć .    , zstępować Duch święty .    , niebo stawać  . Miriam , Tyś  brama  niebo ,  niebo   syn wziąć  , wziąć   swój łono ,   bóstwo Jezus zajaśnieć   . pomodlić  Miriam ,   syn żyć   . pomodlić  ,  Jezus   żyć .    , zstępować Duch święty .    , niebo stawać  . Gdybym umrzeć , Jezus żyć    . Gdybym umrzeć , odpocząć   . przyspieszyć , przyspieszyć  śmierć . pragnąć umrzeć ,  żyć . "" ",Duchu miłości
""" powietrze   obecność  , święty  serce  . powszedni chleb   żywy słowo dać      móc  żyć    serce chcieć bić . "" ",Duchu święty (o przyjdź i rozpal nas)
""" prawda jedyny , słowo Jezus  Nazaret ,  swój syn posłać człowiek Bóg  świat ,  niewinnie cierpieć zemrzeć   grzech   pohańbić przyjąć wina   . dzięki  , Bóg  ,   krzyż ,  Jezus cierpieć   , Jezus cierpieć   . uwierzyć  Jezus ,     umrzeć   miłość   przyjść  niebo   świat . błogosławiony ,   wierzyć ,   widzieć , zaufać  Bóg ,   wiek  żyć . dzięki  , Bóg  ,   krzyż ,  Jezus cierpieć   , Jezus cierpieć   . "" ",Duchu święty ogarnij mnie
"""  oblicze  uniżyć  .   wywyższyć  .   ziemia  czas ,   wywyższyć  . wszystek swój troska oddać  .   wywyższyć  .   ziemia  czas ,   wywyższyć  .  pokora stanąć   swój .   wywyższyć  .   ziemia  czas ,   wywyższyć  . "" ",Duchu święty powiej wiatrem
"""  tron  stać wpatrzyć   miłość blask    podobny stawać  widzieć  twarz chwała  wypełniać  obecność  blask  wielbić  , wiedzieć   chwała , cześć , mądrość , moc , błogosławieństwo ,  wiek !  wiek ! chwała  wypełniać  obecność  blask  wielbić  , wiedzieć   "" ",Duchu święty przyjdź (Niech wiara zagości)
""" błogosławić dusza   ,  ,    ,  święty imię . błogosławić dusza   ,  dobroć   zapominać .  odpuszczać wszystek  grzech , leczyć wszystek  choroba . okazować swój miłosierdzie ,  ratować   zguba .  napełniać  życie dobro ,  odnowić   młodość ,   orzeł .  odpłacać  grzech ,  chcieć wiecznie gniewać  .  pamiętać żeśmy proch ,   wiedzieć ! błogosławić dusza   ,  ,    ,  święty imię . błogosławić dusza   ,  dobroć   zapominać .   ojciec  swój dziecko ,  litować   pokorny .  oddalać    wina   wschód  zachód .  wysoko niebo   ziemia ,   wielki dobroć  człowiek ,    bać . dzień człowiek   trawa , kwitnąć   polny kwiat .  mocno wiatr zawiać , znikać   ślad ! błogosławić dusza   ,  ,    ,  święty imię . błogosławić dusza   ,  dobroć   zapominać . błogosławić  – wszystek anioł błogosławić  – wszystek  człowiek błogosławić  – wszystek  dzieło błogosławić  ! błogosławić dusza   ,  ,    ,  święty imię . błogosławić dusza   ,  dobroć   zapominać . "" ","Duchu święty, cudownym wiatrem jesteś"
""" przychodzić   drzwi zamknięty Jezu zmartwychwstały ,  ślad męka     , posłać   duch .    Bóg – uzdrowić  życie . "" ","Duszo ma, Pana chwal"
""" przyjaciel mieć ,  pocieszać  ,    ramię oprzeć  .   nadzieja mieć , ulecieć strach .  blisko  ,  troszczyć  . król Król ,   Bóg Jezus "" ",Dzielmy się wiarą jak chlebem
""" przyjaciel , chcieć zostać   ,   chcieć     byś mówić  , wystarczyć byś    mieć duży miłość   ,   życie oddawać    móc żyć chcieć    ,        źle przyjaciel , otwierać   serce swój .   mieć duży miłość   ,   życie oddawać    móc żyć "" ","Dzięki, o Panie! Składamy dzięki"
""" przyjść  deszcz , ożywić  suchy ziemia  serce . przyjść  deszcz  spragniony świat . dotknąć    wiatr , rozpędzić smutek , otrzeć łza , zabrać  ,    radość zmieniać strach .   nowy stawać  .  , przyjść  napełnić  przyjść  deszcz  spragniony serce  pragnąć  ,  .   moc  objawić  , pokazać swój chwała ! przyjść  deszcz ,   , obmyć gorycz , żal  ból . pozwolić   nadzieja kwitnąć   .  ,  zły zniknąć  , nowy dzień nastawać  .   Słońce blask  pochmurny czas .   nowy stawać  .  , przyjść  napełnić  przyjść  deszcz  spragniony serce  pragnąć  ,  .   moc  objawić  , pokazać swój chwała ! "" ",Gdy kiedyś Pan
""" przywołać   , przywołać    pustynia .    głód    tęsknota przywołać  . mówić   serce , mówić   serce ,  znać  ukryć dolina .   usychać piękny winnica ,  wiedzieć  otworzyć ukryć źródło .    umilknąć pragnienie  myśleć , abyś móc mówić  .  słowo miłość  przebaczenie przeniknąć dusza  . mówić   serce , mówić   serce ,  znać  ukryć dolina .   usychać piękny winnica ,  wiedzieć  otworzyć ukryć źródło . "" ",Gdy klęczę przed Tobą
""" radować  dusza mieć , wielbić  swój .   śpiewać   siła , sławić     dzieło ,   śpiewać   siła , błogosławić   imię .  miłosierny  zastęp . moc  ramię  swój lud .   zbawca . "" ",Gdy schodzimy się
""" rozpiąć  ramię  sokół  niebo Chrystus , syn Bóg spojrzeć prosić  ziemia .  ruchliwy ulica , zabiegany człowiek .  dzień   kończyć ,  ranek  budzić uśmiechnąć  przyjaźnie  wysoki krzyż  ciężko pracować ,  głód poniżać . rozpiąć  ramię  sokół  niebo Chrystus , syn Bóg spojrzeć prosić  ziemia . pocieszyć zrozpaczony , chleb dać głodować modlić  słuchać  wybaczyć umierać spojrzeć cierpienie sokoli  wszechświat ,  ziemia  cichy ciemny kościół , dziecko wzywać  rozpiąć  ramię  sokół  niebo Chrystus , syn Bóg spojrzeć prosić  ziemia .     sądzić , boski miłosierdzie prosić ,  dziecko ,  sądzić  miara siebie . "" ",GLORIA!!! (Na niedzielę i święta)
""" schować   skrzydło swój ukryć   silny dłoń swój .  fala morze chcieć porwać    wznieść  , podnieść   Król Tyś spienić woda  ufać  –   Bóg . odpocząć   ramię  dusza mieć    trwać .  fala morze chcieć porwać    wznieść  , podnieść   Król Tyś spienić woda  ufać  –   Bóg . "" ",Godzien o godzien jest Bóg
""" serce wielki  dać , zdolny objąć świat .  , serce  dać , mężny  walka  zło . zwlec  siebie uczynek stary człowiek , zniszczyć  ,  budzić boży gniew , wdziać biel nowy szata  Chrystus  , nowy człowiek powstać     . serce wielki  dać , zdolny objąć świat .  , serce  dać , mężny  walka  zło . nowy człowiek  historia wpisać miłość , wskazać droga odnowa ludzki serce . nowy człowiek przeżyć własny życie , tworzyć wspólny wysiłek nowy świat . serce wielki  dać , zdolny objąć świat .  , serce  dać , mężny  walka  zło . nowy człowiek przynieść ziemia pokój ,  znak wiara jednoczyć  świat . nowy człowiek przynieść ziemia wolność , prawda człowiek wyzwolić niszczyć zło . "" ",Gwiazdo zaranna
spocząć   Duch  Duch mądrość  rozum duch poznanie  bojaźń boży duch miłość  moc . ,Idź w pokoju
""" błogosławić  wszystek  dzieło ,    kwitnąć   cierpienie , błogosławić  . błogosławić  wszystek łza  żal ,   słabość  upokorzenie , błogosławić  . błogosławić  wszystek  rana ,   Duch Święty stawać  balsam , błogosławić  .   błogosławić wszystek  niemoc , ból skrzętnie skrywać  bezsenny noc , błogosławić  . błogosławić  ,   ufać  ,   wciąż uzdrawiać łaska swój deszcz błogosławić  . "" ","Ja wierzę, że to Jezus"
""" stać   drzwi , kołatać długo , słowo życie wieczny mieć .   usłyszeć głos  drzwi otworzyć ,  trwać   ,     .  wielki  miłość  ,  cierpliwy , wierny  łaskawy chcieć  wnieść   serce .  wejść , zamieszkać     dar życie mieć .  przyjść , umocnić  , byśmy wytrwać  miłość  . "" ",Jak Dawid
""" stać  , swój serce , ręka  wyciągać  podziw   ,   dać . stać  , swój dusić    składać ,  chcieć    . "" ",Jak dobrze jest dziękować Ci
swój Duch  wylać    ,Jak ożywczy deszcz
"""  krew  grzech odmywać  ,  krew czynić  biały  śnieg ,  krew  grzech odmywać  ,   baranek święty krew . "" ",Jak wielki jest Bóg
"""    czas ,  dzień , serce bić   chwila . niespokojnie czekać , wiercić  ,   koniec  przytulić  .    czas ,  dzień , serce bić   chwila .  wiedzieć ,   poznać ,  wiedzieć ,   pewno  rozpoznać  . zabrać   drugi brzeg ,     niebo biec   wcale ciężko ,  wiedzieć ,   koniec droga spotkać  . chociaż  tyle trudny dzień , codziennie blisko niebo , warto żyć !    czas ,  dzień , serce bić   chwila .  wiedzieć ,   poznać ,  wiedzieć ,   pewno  rozpoznać  . zabrać   drugi brzeg ,     niebo biec mijać godzina , mijać czas , szukać   niebo pośród gwiazda .  wiedzieć   poznać ,  wiedzieć ,   pewno  rozpoznać  ! zabrać   drugi brzeg ,     niebo biec "" ",Jeden chleb
"""   skruszyć ,   złam ,   wypalić ,  Byś zostać   , byś zostać   . jedynie  "" ",Jeden jest tylko Pan
""" tchnąć moc , tchnąć miłość ,  przenikać życie  .   serce swój oddawać  cześć ,   myśl swój oddawać  cześć    siła swój oddawać  cześć ,  ,   . tchnąć moc , tchnąć miłość ,  przenikać życie  .   serce swój uwielbić  chcieć ,   myśl swój uwielbić  chcieć    siła swój uwielbić  chcieć ,  ,   . "" ","Jedyny Pan, prawdziwy Bóg"
 chór anioł  chór anioł śpiewać nowy pieśń : chwała baranek ! alleluja ! alleluja ! alleluja ! chwała  cześć ! ,Jest jedno ciało
"""  światło   droga  nikt  zgasić  wiedzieć  zgubić  ,    jasno  świecić  ,   ciemność blask swój ogarniać  "" ",Jest zakątek na tej Ziemii
"""   chleb żywy ,   spożywać  umrzeć ,    uwierzyć ,    pragnąć  wiek "" ",Jesteś blisko mnie (Twoja miłość)
""" błogosławić  imię  , błogosławić  imię   wywyższyć  wszelki chwała  cześć , Tyś jedynie   . powstać !   chwalić , chwalić   wiek . powstać ! Chwal Bóg wciąż ,  jedynie   . powstać !   chwalić , chwalić   wiek . powstać ! Chwal Bóg wciąż ,   wszechświat  . "" ",Jesteś Królem
"""   dobry ,  łaska  ,  , trwać wiecznie człowiek  wszystek naród  rasa  pokolenie  pokolenie wielbić  , alleluja , alleluja wielbić   dobroć  dobry   "" ",Jesteś życiem mym
"""   Skała zbawienie    mieć siła  moc Tyś  nadzieja   natchnienie   wznosić  głos Pan wierzyć  ,  wierzyć    miłość wierny  Tyś pomoc   potrzeba     chcieć  . "" ",Jezu mój Jezu
"""  drogi pomyć los zły  oko mgły zasnuć , mieć  siebie  ufność ,  lękać  .   gniew Świat  przysłonić  zazdrość  chwast zakiełkować , mieć  siebie  ufność ,  lękać  .    poprowadzić ,  powierzać  droga .    poprowadzić ,   . poprowadzić   prowadzić  droga prosty  możliwy  pokazać   ,     .    głos  usłyszeć  karmić     dzień mieć  siebie  ufność ,  lękać  .    poprowadzić ,  powierzać  droga .    poprowadzić ,   . "" ",Jezu Tyś jest
"""  wskazać  droga  miłość ,   .  zmienić  świat swój zmartwychwstanie ,   ,    wiedzieć ,    serce dziać  ,   ,  ,   .  oddać  życie   wszystek ,        bliski ,   ,   stopa  świat ,  wiedzieć  czekać  ,   ,  ,   .   serce   dzień   noc ,   ,   oko  niewidoczny ,   ,    wiedzieć ,    serce dziać  ,   móc pomóc  . "" ",Jezus Chrystus moim Panem jest
"""  światłość dzień , wszedłeś   ciemność , dać   wzrok , abym móc widzieć  twarz  spojrzenie miłość ,   roztapiać  strach .   ,  wielbić ,  oddawać chwała ,   ,  wyznać   Bóg . dobry  łaskawy ,   wspaniały ,   cenny    .  czas Król , wywyższyć  wiek , jaśnieć  niebo  tron . Zszedłeś  ziemia ,  stać  człowiek ,  raj stać   dom .   ,  wielbić ,  oddawać chwała ,   ,  wyznać   Bóg . dobry  łaskawy ,   wspaniały ,   cenny    .    odpłacić   miłość     krzyż .   ,  wielbić ,  oddawać chwała ,   ,  wyznać   Bóg . dobry  łaskawy ,   wspaniały ,   cenny    . "" ",Jezus Chrystus to Panów Pan
""" Tyś  Bóg wywyższać  , Tyś   uwielbiać  , Tyś  odwieczny ojciec ,  stworzenie wielbić  . amen . "" ",Jezus daje nam zbawienie
""" Ubi caritas et amor ubi caritas deus ibi es .   miłość   dobroć ,   miłość  ,  mieszkać Bóg . "" ",Jezus najwyższe Imię
ukazać   swój twarz dać  usłyszeć  głos  słodki   głos  twarz pełny wdzięk ukazać   swój twarz ,Jezus Namaszczony Pan (Twe imię jak miód)
""" uwielbiać  ludzki serce bić dzwony . paść  kolano   lud utrudzić .   osuszyć  łza ,  ratunek   .    stopa paść wróg ,   Bóg niezwyciężony .  niepojęty  swój mądrość , święty , święty Bóg miłość .  śpiewać  ziemia , chwalić wszystek świat strona . "" ",Już teraz we mnie kwitną Twe ogrody
""" uwielbiać imię   , wywyższać   dawać  hołd ,  przedsionek chwała  stawać ,  radość śpiewać  pieśń .   Jezus chcieć wyznać ,   kochać  ,  zmieniać  . chcieć  dziękować   wszystek siła . dawać  siebie    wiek żyć . "" ",Każdy dzień upewnia mnie
"""  ziemia wołać  radość  cześć Pan , radować  , weselić  .  ziemia wołać  radość  cześć Pan , alleluja , alleluja . śpiewać  pieśń nowy ,  uczynić cud . zwycięstwo  zgotować  prawica  święty ramię  .  ziemia wołać  radość  cześć Pan , radować  , weselić  .  ziemia wołać  radość  cześć Pan , alleluja , alleluja .  okazać swój zbawienie ,  oko pogan objawić swój sprawiedliwość . wspomnieć  dobroć   wierność swój  dom Izrael .  ziemia wołać  radość  cześć Pan , radować  , weselić  .  ziemia wołać  radość  cześć Pan , alleluja , alleluja . ujrzeć wszystek kraniec ziemia zbawienie Bóg  . wołać  radość  cześć Pan ,  ziemia , cieszyć  , weselić  grać .  ziemia wołać  radość  cześć Pan , radować  , weselić  .  ziemia wołać  radość  cześć Pan , alleluja , alleluja . śpiewać   wtór cytra ,  wtór cytra   dźwięk harfa .  trąba   głos róg  oko  , Król ,  radować .  ziemia wołać  radość  cześć Pan , radować  , weselić  .  ziemia wołać  radość  cześć Pan , alleluja , alleluja .  szumieć morze   ,    żyć , krąg ziemia   mieszkaniec , rzeka  klaskać  dłoń , góra  razem wołać  radość . "" ",Każdy spragniony
""" uwielbiać  imię , uwielbiać  serce uwielbiać święty rana zadany  krwawy męka uwielbiać  droga   krzyż siedem słowo "" ",Kiedy masz chwile smutne (Matce która pod krzyżem)
"""  cień  ręka ukryć prosić  .  bać  ,  wokół mroka , bądź światło , bądź nadzieja dzień .    śnić , głos  serce  .  ręka ,  trzymać   brzeg noc , brzeg dzień . bądź  skrzydło   braknąć siła . Chwyć   nieść .  niebo blisko  .   chcieć  ramię skryć   . "" ","Kiedy w jasną, spokojną - O Boże"
 swój ramię  wziąć moc krzyż dodać siła  księga życie wpisać   swój chwała przyjąć chcieć . ,Kiedyś wino i chleb
"""  swój wielki miłosierdzie , Bóg  zrodzić  nadzieja ,  swój wielki miłosierdzie , Bóg  zrodzić  nadzieja ,  wielki nadzieja . "" ",Kocham więc nie muszę się bać
"""    światło  mrok rozjaśniać    życie  śmierć zwyciężać ufać  , miłosierny Jezus wybawić  "" ",Kto spożywa moje ciało
""" wejść   brama  dziękczynienie ,   tron oddać cześć . wejść   brama  uwielbienie , radosny  śpiewać pieśń . rozradować    ,  stworzyciel , rozradować    , światłość  , rozradować    ,  zbawiciel , rozradować     wywyższać  chcieć . alleluja , alleluja , alleluja , alleluja ! "" ",Kto spragniony jest
""" wielbić dusza    radować  duch   Bóg , zbawiciel  .  wejrzeć  uniżyć swój służebnica ,   odtąd błogosławić   wszystek pokolenie .  wielki rzecz uczynić  wszechmocny ,   imię  święty .  miłosierdzie  pokolenie  pokolenie   ,    bać . okazać moc swój ramię , rozproszyć pysznić  zamysł serce swój . strącić władca  tron ,  wywyższyć pokorny . głodny nasycić dobro ,  bogaty   odprawić . ująć   swój sługa , Izrael , pomny  swój miłosierdzie .  obiecać  ojciec , Abraham   potomstwo  wiek . Chwała ojciec  syn  Duch święty    początek ,      wiek wiek amen . "" ",Laudato si
""" wielbić  chcieć , radosny śpiewać pieśń wielbić  chcieć ,  źródło życie  "" ",Maryjo śliczna Pani
"""   serce  czekać  ewangelia ,   serce ,  czekać wciąż . napełnić serce   kosztowny nasienie .  zobaczyć ,  Bóg poprowadzić   człowiek .   serce  czekać  ewangelia ,   serce ,  czekać wciąż .  zobaczyć ,  Bóg poprowadzić   człowiek ,   móc zaprowadzić  Chrystus . "" ",Matko która nas znasz
""" wierzyć      obmyć  wino , wierzyć ,  człowiek stać  boży syn . miłość  kazać krzyż  plecy brać ,  tabernakulum zostać  ,    trwać .  przewodnik   wieczność brama ,  przygarniać   siebie . Tyś   życie , boś  żywy Bóg , Tyś   droga , piękny  droga . Tyś   prawda ,  oświecać  , boś odwieczny syn ojciec ,   wiedzieć .    zatrwożyć  wśród ciężki burza ,       . Tyś   siła ,    moc , Tyś   pokój  burzliwy noc , Tyś   ratunek ,  zagrażać toń ,  słaby ludzki ręka ująć  swój dłoń .   przejść poprzez świat  ciąg życie rok   zły   spotkać .  Bóg ojciec wiara swój dać .   syn bożyć ufność swój mieć . Duch święty Bóg  serce  zstąpić  miłość Boży ziarno rzucić   serce  głąb .  dusza  rozpalić żar , siedmioraki dar , dać  stać  Boży rola . "" ","Memu Bogu, Królowi"
""" chcieć wywyższać imię  , chcieć zaśpiewać  chwała .  ,  radować  ,  przyjść  ,   zbawić .  niebo zstąpić   chcieć prowadzić  .  krzyż zemrzeć  ,   zapłacić dług .  grób wstać    niebo Król   , chcieć wywyższać imię  . "" ",Miłość Twa
""" wszelki chwała , wszelki cześć , wszelki moc   . święty ojciec , uwielbiać  , Drogi Jezus ,  zbawca , Duch święty , czekać , przyjść , zesłać ogień . "" ","Mój Jezu, mój Zbawco"
""" wszystek człowiek klaskać  dłoń ,  ziemia śpiewać , śpiewać . wielki radość  Syjona , król zstępować  niebo ,  niebo . nadejść dzień , nadejść dzień , zobaczyć     . nadejść dzień , nadejść dzień , uwielbić   świat . "" ",Mój Pan mocą moją jest
""" wszystek naród , klaskać  dłoń , wykrzykiwać Bóg radosny głos ,   najwyższy  Król   ziemia śpiewać , wszystek naród . śpiewać radosny głos . śpiewać Król . "" ",Mój zbawiciel
"""  móc   ,   umacniać Jezus ,   umacniać "" ",Mów do mnie Panie
""" wykrzykiwać Bóg , wykrzykiwać Król , klaskać  dłoń  hymn śpiewać .  najwyższy , straszliwy –  król  ziemia !  poddawać  naród –  król  ziemia ! lud rzucać   stopa –  król  ziemia ! Bóg Abraham ! wykrzykiwać Bóg , wykrzykiwać Król , klaskać  dłoń  hymn śpiewać . wybrać   dziedzictwo –  król  ziemia !    miłować –  król  ziemia ! śpiewać  , śpiewać –  król  ziemia ! Bóg Abraham , Izaak  Jakub . wykrzykiwać Bóg , wykrzykiwać Król , klaskać  dłoń  hymn śpiewać .  zasiadać  tron –  król  ziemia ! możny świat hołd  złożyć –  król  ziemia !    należeć –  król  ziemia ! Bóg Abraham , Izaak  Jakub . "" ",Nasz Bóg jest potężny w mocy swej
""" wykrzykiwać  cześć  wszystek ziemia , wśród okrzyk  radość wysławiać  . wiedzieć ,    Bóg ,   stworzyć  .   lud ,   własność . wykrzykiwać  cześć  wszystek ziemia , wśród okrzyk  radość wysławiać  .   brama wstępować  dziękczynienie , wśród hymn   przedsionek , błogosławić imię  , chwalić   . wykrzykiwać  cześć  wszystek ziemia , wśród okrzyk  radość wysławiać  .  dobry   , łaskawość   wiek .  dobry   ,  wierność  pokolenie . "" ",Nasz Bóg jest wielki
""" wzywać  Duch przyjść czekać wciąż byś dotknąć  wołać   przyjść Jezu zbawca  dziecko   spragniony ziemia rosa dusza mieć   móc wypełnić serce głód , serce głód głębia morze , potęga wóda Bóg   móc   miłość żyć  chcieć   żyć  spragniony ziemia rosa dusza mieć   móc wypełnić serce głód , serce głód "" ",Nic nie musisz mówić nic
""" zaprowadzić    powrót  mieć .  ustawać wiara , spełniać  nadzieja .  światłość pachnąć  skrawek niebo ,    swój obraz miłość wylewać . "" ",Nie bój się (Zostań tu)
"""    bać , powiedzieć  ,   strach żyć świat . zaufać    .  uwierzyć , powiedzieć  ,    wierzyć   . zaufać    . zaufać    ! zaufać    !  mieć kochać , powiedzieć  ,  ranić   brat . zaufać    .   dobry , powiedzieć  ,  świat   zły . zaufać    . zaufać    ! zaufać    !  mieć walczyć , powiedzieć  ,  silny woli brak . zaufać    .  pokonać własny grzech ,  pokus tyle  . zaufać    . zaufać    ! zaufać    !   cieszyć , powiedzieć  ,  płynąć gorzki łza . zaufać    .   ład  siebie dojść ,  siebie mieć   . zaufać    . zaufać    ! zaufać    !   zbłądzić , powiedzieć  ,   wiedzieć  iść . zaufać    .  nadzieja  serce mieć ,   walić  . zaufać    . zaufać    ! zaufać    ! "" ","Nie bój się, wypłyń na głębię"
"""   dziecko , potrzebować  , miłość  trwać . dobroć nieskończony , łaska  nadzieja  wybawienie . zbawca ,  poruszać góra ,  Bóg mieć zbawienie moc ,  mieć zbawienie moc .   sprawca odkupienie , zmartwychwstać pokonać śmierć Jezus zwyciężyć śmierć .  wziąć  ,   ,   grzech   lęk wypełnić życie  . oddawać  serce ,   ,   wierzyć oddawać  . zbawca ,  poruszać góra ,  Bóg mieć zbawienie moc ,  mieć zbawienie moc .   sprawca odkupienie , zmartwychwstać pokonać śmierć Jezus zwyciężyć śmierć . zesłać światło , niechaj ujrzeć świat  chwała ,  roztaczać zmartwychwstały  , Jezus . zbawca ,  poruszać góra ,  Bóg mieć zbawienie moc ,  mieć zbawienie moc .   sprawca odkupienie , zmartwychwstać pokonać śmierć Jezus zwyciężyć śmierć . "" ",Nie ma za trudnych spraw (Zanim powiem słowo)
""" chleb cichy otulić  swój milczenie , ukryć   swój biel , wchłonąć  ciemność . przemienić   siebie ,     stać  chleb . pobłogosławić  , połamać , rozdać łaknąć brat . chleb cichy otulić  swój milczenie , ukryć   swój biel , wchłonąć  ciemność .  ułomek chleb ,  zostać rozdać  ,   wierzyć  swój głód . "" ",Nie zabraknie mi nigdy chleba
""" ziemia ,   dawać   fikcja  bajka . wolność ,  mieć    prawdziwy . wszystek góra  droga musieć ustąpić ,  wiara góra przenosić ,   wierzyć  .  tańczyć   tron  oddać  chwała     zamknąć  ustęp .  mur   ściana , duży  tama   ,  zatrzymać   duży , duży     ,   umacniać .   Goliat  móc   równać  .  tańczyć   tron  oddać  chwała     zamknąć  ustęp .  mur   ściana , duży  tama   ,  zatrzymać   "" ",Niech oblicze Twe
""" zmartwychwstać   żyć  blask jaśnieć noc .  umrzeć ,    żyć  okazać swój moc . krzyż   brama  ,  chcieć   wejść . zbliżyć   ołtarz , Bóg oddać cześć . dzięki składać  ,  wielki   łaska .  grób powstać   ,  noc  pełny blask . chcieć dziękować   chcieć   błogosławić . Jezus ,    Bóg ,  przyjść   zbawić . zmartwychwstać   żyć  blask jaśnieć noc .  umrzeć ,    żyć  okazać swój moc . krzyż   brama  ,  chcieć   wejść . zbliżyć   ołtarz , Bóg oddać cześć .   uciec    zaufać książę .  ,  moc  pieśń , podtrzymać   popchnąć     bać ,  móc zrobić  śmierć ?  ,  lękać   śpiewać chwała pieśń zmartwychwstać   żyć  blask jaśnieć noc .  umrzeć ,    żyć  okazać swój moc . krzyż   brama  ,  chcieć   wejść . zbliżyć   ołtarz , Bóg oddać cześć . odrzucić  stać  kamień węgielny .  wysłuchać  ,   zbawienie  . cudem stawać  noc   dzień  przemienić . tańczyć    prawica Pańska wznieść . zmartwychwstać   żyć  blask jaśnieć noc .  umrzeć ,    żyć  okazać swój moc . krzyż   brama  ,  chcieć   wejść . zbliżyć   ołtarz , Bóg oddać cześć . "" ",Niech Twój święty duch (i niech spłynie)
""" łaskawość   sięgać niebo ,   wierność  obłok . "" ",Niechaj Cię Panie
""" Łaska  zbawić ,  łaska móc  stać . Łaska usprawiedliwić   Baranek krew . wzywać    siebie ,    niebo tron .  łaska obdarzyć tonąć składać hołd  składać hołd . "" ",Niechaj miłość Twa
""" święty imię Jezus , święty imię Jezus   usta    serce  ,  moc duch uwielbiać  .  mieć   zbawienie ,   dać  człowiek  imię ,   zbawienie  "" ",Niechaj zstąpi Duch Twój
""" święty , święty , święty , święty , święty  święty , święty , święty , święty Bóg  Król otwierać serce swój podnosić ręka swój Król wejść  rozgościć  . "" ",Niepojęta łaska
""" Chrystus  karmić  swój święty Ciało , chwalić   wiek Duch  wielbić  , Bóg , zbawca jedyny ,     odnajdować wszystek radość życie  . Chrystus  karmić  swój święty Ciało , chwalić   wiek wielbić  chcieć wejrzeć  niebo  swój sługa uniżony ,   odtąd wszystek człowiek móc zwać błogosławiony . Chrystus  karmić  swój święty Ciało , chwalić   wiek sprawić   wielki dzieło  swój dobroć niepojęty ,  , wszechmocny ,  , duży ,     święty . Chrystus  karmić  swój święty Ciało , chwalić   wiek  ,   pokolenie pozostawać miłosierny , wobec  ,   służyć  chcieć zostać  wierny . Chrystus  karmić  swój święty Ciało , chwalić   wiek  ,  swój moc objawiać ,  wyniosłość serce uniżać ,  zamiar móc zburzyć ,  pycha  ubliżać . Chrystus  karmić  swój święty Ciało , chwalić   wiek  moc  odjąć władza ,  wydźwignąć pokorny , wszystek głodny zaspokoić , głód wstrząsnąć bogaty . Chrystus  karmić  swój święty Ciało , chwalić   wiek   ująć  swój lud , dziecko wiara Abraham , pomny  swój miłosierdzie , obietnica swój  złamać . "" ","Niepojęty, niezmierzony"
""" alleluja , alleluja , amen , amen , alleluja . pokłonić    –     pokłonić    –    amen , amen , alleluja . alleluja , alleluja , amen , amen , alleluja . Jezus Chrystus zmartwychwstać –     Jezus Chrystus zmartwychwstać –    amen , amen , alleluja . alleluja , alleluja , amen , amen , alleluja . radować  brat –     radować   –    . amen , amen , alleluja . alleluja , alleluja , amen , amen , alleluja . posyłać  duch –     posyłać  duch –    . amen , amen , alleluja . "" ",O Panie Ty nam dajesz
""" Chrystus Pan , boży syn , zbawca  zgodzić  wziąć  grzech ,   umrzeć chcieć Ażebym znać  ogrom wina  wiedzieć ,  krew  zbawiać oczyszczać  leczyć . wywyższyć bądź Jezus , Baranek  , Tyś jedyny odkupiciel , Tyś  król . wywyższyć bądź boży Baranek ,   tron  wysoki składać hołd . "" ",O piękności niestworzona
""" któż   Bóg ?    , wzniosły  tron . Góry chylić  , ocean grzmieć ,  dawać hołd . Chwal Adonai , odkąd Słońce budzić   zakończyć  dzień . Chwal Adonai , wszystek człowiek   czcić ,  anioł wielbić  . "" ","O stworzycielu, Duchu przyjdź"
""" chwalić  niebiosa , chwalić   cytra , chwalić król świat ,   Bóg  . Chwal dusza    Król , chcieć chwalić  ,  długo  żyć chcieć śpiewać  Bóg , póki  istnieć , chcieć  wysławiać , śpiewać alleluja ! chwalić  niebiosa , chwalić   cytra , chwalić król świat ,   Bóg  . szczęśliwy  ,    pomoc ,  mieć nadzieja   Bóg swój ,  Bóg ,  stworzyć niebo  ziemia ,  ,  żyć śpiewać alleluja ! chwalić  niebiosa , chwalić   cytra , chwalić król świat ,   Bóg  .  Bóg królować , weselić  ziemia , Bóg  Syjona  pokolenie .  dać  życie ,  dać   . śpiewać  wysławiać  alleluja ! "" ",O wychwalajcie Go
""" chwalić łąka umaić , góra , dolina zielony . chwalić , cienisty gaik , źródło  kręty strumyk !  igrać  morze fala ,  powietrze bujać skrzydło , chwalić    świat ,  dłoń  wieniec splatać .  dzieło boski korona ,  Anioła wywyższyć ;    niebo , ziemia ,  gardzić dar  . wdzięczny strumyk mruczeć , ptaszę słodki kwilić ,   czuć ,   żyć ,    sławić Maryja ! "" ",Oczekuję Ciebie Panie
""" chwalić    uwielbiać . wznosić  góra swój ręka uwielbiać imię  .  wielkiś  , wielki dzieło czynić  .  dorównać  nikt ,  dorównać  nikt . "" ",Oczyść serce me
""" Chwała Bóg ojciec  chwała  syn , Chwała  Duch , tworzyć    ! śpiewać alleluja  , alleluja , alleluja ! "" ",Oddajmy cześć
"""   dusza pragnąć   tęsknota oczekiwać ,  spękać , zeschnąć ziemia ,  czas posucha woda łaknąć . Bóg ,   Bóg ,   troska szukać .   świątynia ujrzeć pragnąć  potęga , moc  chwała ,   miłość ,  ,  cenić niźli życie . Bóg ,   Bóg ,   troska szukać . póki  istnieć  , pragnąć  chwalić , Bóg , dusza  pełny szczęście ,  śpiewać   radość . Bóg ,   Bóg ,   troska szukać .   wspomożyciel , cień  skrzydło dawać radość ,  serce lgnąć   ,  prawica  prowadzić . Bóg ,   Bóg ,   troska szukać . "" ",Odnów mnie
"""    wołać dusza  , tęsknić ciało  .   mieć  ,  serce ogarniać lęk . przyjść dotknąć  , rozradować  . Jezus , pragnąć blisko   , Jezus ,   ramię  skryć . słodycz  poznawać  dzień ,  serce  trwać . "" ",Ofiaruję Tobie
"""   wrócić , zbawić  ,  ziemia !  jam     Bóg jedyny . przyjść  , zbawić  , przyjść   .       Bóg jedyny . "" ",Oto ja poślij mnie
""" dobry    ufny ,  dusza ,  szukać  . wołać  serce   ,  łza  płynąć  rzeka powstanie  wołać  noc ,  woda wylewać swój serce . dobry    ufny ,  dusza ,  szukać  .   zamiar Bóg odtrącić  wiek ,  udręczyć ,   zlitować  niezmierny swój dobroć , wzywać  imię  otchłań grób ,  rzec : „  bać  ”  powstać . dobry    ufny ,  dusza ,  szukać  . wspomnieć    ,   spotkać , spojrzeć  przypatrzyć   hańba : sługa panować   ;  ocalić    ręka . nawrócić  ,  wrócić   . "" ",Oto jest dzień
""" archanioł boży Gabryjel , Posłan  panna Maryja .  majestat Trójca święty ,  sprawować poselstwo K '  : Zdrowaś Panna , łaskiś pełny ,     ,  rzecz pewny . panna  wielce zdumiały ,  poselstwo ,  słyszeć . Pokorniuchno  skłonić ,  panna świątobliwy ; zasmucić    mowa ,   rzec anioł .  poseł  wysokość , napełnion boski mądrość , rzec  : "" ""  bać  , Maryja , Najszczęśliwszaś Panna miły ; - nalazłaś łaska   ,  począć  syn . "" "" Jezus nazwać imię  ,  syn najwyższy - wielki  strona człowieczeństwo ,  niezmierny  strona bóstwo . wieczny syn ojciec wieczny , Zbawiciel świat  . "" "" Bóg ojciec wszechmocny , syn  miły  Duch święty , Bóg  trójca jedyny , dziękować  uniżność ,   cud  miłość . "" ",Oto stoję u drzwi
""" dotknąć   oko , abym przejrzeć . dotknąć   warga , abym przemówić uwielbienie . dotknąć   serce  oczyścić  .   święty Duch  ogarniać  . "" ",Otwórz me oczy o Panie
""" Duch miłość wylewać     przebić serce Jezus , Jezus . "" ",Oświeć drogę mą
""" Duch święty ! przyjść  rozpalić   utulić  , miłość  dać . "" ",Pa-a-an jest pasterzem moim
""" Duch święty , ogarnąć  ! otworzyć oko  serce , napełnić miłość ! Duch święty ,  kochać  !   święty wola pełnić  ! "" ",Pan - jest moim pasterzem
""" Duch święty , powiać wiatr   moc   zstąpić bądź miłość   serce światło ogarnąć  dać nowy oko , zesłać swój ogień  jedność   dać  cztery wiatr , przybyć Duch powiać moc , ożywić  bądź wolność   serce życie wypełnić  dać nowy oko , zesłać swój ogień  jedność   dać "" ",Pan blisko jest
""" Duch święty przyjść  wiara zagościć , nadzieja zagościć ,  miłość zagościć   . "" ",Pan mnie strzeże
""" Duch święty , cudowny wiatr  wkoło  !  odchodzić ! "" ",Pan wywyższony
""" dusza mieć ,  chwalić , oddać Bóg cześć , święty śpiewać pieśń .  moc wywyższać  , dusza mieć , uwielbiać , Bóg ,  ! nowy dzień wraz  wschód słońce  nadejść czas ,   śpiewać pieśń .         ,    wiedzieć ,  śpiewać ,  nadejść zmrok . dusza mieć ,  chwalić , oddać Bóg cześć , święty śpiewać pieśń .  moc wywyższać  , dusza mieć , uwielbiać , Bóg ,  ! bogaty  miłość , gniew oddalać ,  ,  serce miły , wielki imię  .  wzgląd   dobroć  śpiewać  pieśń ,  powód ,  uwielbiać  . dusza mieć ,  chwalić , oddać Bóg cześć , święty śpiewać pieśń .  moc wywyższać  , dusza mieć , uwielbiać , Bóg ,  ! przyjść dzień ,   siła zostać , nadejść czas  koniec  . dusza mieć      uwielbiać ,  wieczność   piękny zabrzmieć pieśń . "" ",Panie dobry jak chleb
""" dzielić  wiara  chleb , dać świadectwo nadzieja . Bóg ofiarować  siebie   mieć    człowiek dzielić . chleb   zabraknąć rozmnoża   łamanie . potrzeba  ręka   gotowość dawanie . dzielić  wiara  chleb , dać świadectwo nadzieja . Bóg ofiarować  siebie   mieć    człowiek dzielić . nikt  zapalać lampa ,   schować  korzec . skoro Bóg  światło natchnąć    światło iść  droga . dzielić  wiara  chleb , dać świadectwo nadzieja . Bóg ofiarować  siebie   mieć    człowiek dzielić . odrzucić zwątpienie  trwoga ,  świat  śmiać  prorok musieć świadczyć odważnie  służba człowiek  Bóg . "" ",Panie mój przychodzę dziś
""" dzięki ,  Pan ! składać dzięki ,  wszechmogący  król  niebo !   ,  dać   wiara . . .   ,  dać   miłość . . . dzięki ,   ! składać dzięki ,  wszechmogący  król  niebo !   ,  dać   siebie . . .   przebaczać grzech . . . dzięki ,   ! składać dzięki ,  wszechmogący  król  niebo !   przywracać życie . . .   ,     . . . dzięki ,   ! składać dzięki ,  wszechmogący  król  niebo !  śpiewać  radość . . .   ,  zmartwychwstać  . . . dzięki ,   ! składać dzięki ,  wszechmogący  król  niebo !   , żeś duch  zesłać . . . "" ",Panie pozostań
""" blisko , blisko , blisko    blisko  ,  czuć tchnienie   przychodzić    dotykać  łaska przebaczenie karmić  dusza "" ",Panu chwała i cześć
"""  kiedyś  powrócić  , abyśmy    ,  kiedyś  powrócić  .  święcić swój opuścić grób , abyśmy    ,  kiedyś  powrócić  .  Bóg tron otoczyć  krąg , abyśmy    ,  kiedyś  powrócić  .  księga swój otworzyć Bóg , abyśmy    ,  kiedyś  powrócić  .   imię wezwać  , abyśmy    ,  kiedyś  powrócić  .  uczta  zgotować Bóg , abyśmy    ,  kiedyś  powrócić  .  zabrzmieć pieśń : alleluja , abyśmy    ,  kiedyś  powrócić  . "" ",Pewnej nocy łzy
"""  klęczeć   modlić   składać hołd wziąć  dzień , uczynić  swój I   miłość wzniecić Ave Maria Gratia plenum Dominus Tecum Benedicta    dawać  sen   myśl matka Bóg , matka  wznieść   boży tron Ave Maria Gratia plenum Dominus Tecum Benedicta   klęczeć   widzieć  radosny twarz  myśl ,  słowo  spocząć  dłoń  Ave Maria Gratia plenum Dominus Tecum Benedicta  "" ",Podnieś mnie Jezu
"""  schodzić   święty Duch   działać  schodzić  ,  sławić imię  wiedzieć  ,   serce  otwarty błogosławić moc swój błogosławić boś obiecać  błogosławić moc swój "" ",Pokój Wam nie bójcie się
""" Gloria in excelsis Deo , Gloria Gloria ! chwalić  , błogosławić  wielbić  , wysławiać  dzięki  składać ,  wielki  chwała  .  Bóg , król niebo Bóg ojciec wszechmogący  syn jednorodzony Jezu Chrystus , Jezus Chrystus , Jezus Chrystus ! Gloria in excelsis Deo , Gloria Gloria !  Bóg , Baranek boży , syn ojciec  gładzić grzech świat zmiłować    ,  gładzić grzech świat przyjm błaganie  ,  siedzieć  prawica ojciec zmiłować    .   Tyś  święty Tylko Tyś    Tyś wysoki Jezu Chryste  Duch święty  chwała Bóg ojciec amen amen amen amen amen ! "" ",Pomódl się Miriam
""" godny ,  godny  Bóg , siedzieć  tron , Baranek wśród chwała , przyjąć wdzięczność siła  moc , błogosławieństwo  cześć .     wiek  wiek . amen .  niezmiernie wciąż trwać  jedność   prawda , oddawać  hołd , miłość , wdzięczność , siła  moc , błogosławieństwo  cześć .     wiek  wiek . amen . "" ",Powietrzem moim jest
""" Gwiazda zaranny , oblec  słońce - modlić    chwała ikona , dziewica posłuszny - modlić    Gwiazda przewodnia , służebnica pański - modlić    matka żyć , początek kościół - modlić    Bogarodzica , córa  syn - modlić    znak nadzieja , mieszkanie mądrość - modlić    "" ",Prawda jedyna
iść  pokój  Bóg Izrael  spełnić prośba    zanieść  . ,Przed obliczem Pana uniżmy się
"""  wierzyć ,   Jezus , wierzyć ,   syn Bóg  .  zemrzeć  powstać ,  żyć   cena śmierć życie dać . ref wierzyć ,     , stać pośród  , mieć moc   uzdrawiać , mieć przebaczenie dar .  wierzyć   , wierzyć ,  Tyś syn Bóg  . zemrzeć   powstać  ,  żyć ,   cena śmierć życie dać . RefWierzę ,    , stać pośród  , mieć moc   uzdrawiać , mieć przebaczenie dar . "" ",Przed Tronem Twym
"""  Dawid ,   Bóg  ,  tańczyć  wszystek siła   , Król  .  Miriam grać  bęben swój ,  klaskać  wszystek siła   , Król  . pokłonić   Bóg , oddać  cześć , wielbić imię Jezus , śpiewać  pieśń . "" ",Przychodzisz Panie
"""    dziękować    śpiewać psalm  imię  opowiadać rano  miłosierdzie ,   noc wierność   dziesięciostrunnej harfa  lutnia  dźwięczny cytra . . . "" ",Przyjaciela mam
"""  góra móc ustąpić  pagórek  zachwiać .  miłość  , miłość    odstąpić   mówić  . "" ",Przyjacielu
"""  ożywczy deszcz Duch święty przyjść dotknąć  serce , rozpalić ogień żar .  przenikać  tchnienie moc swój , bądź  światło dzień  nadzieja serce .  przenikać  tchnienie moc swój , bądź  światło dzień  nadzieja serce . "" ",Przyjdź jak deszcz
"""   ,    król odziać  majestat swój . ziemia radować  , ziemia radować  . okrywać światłość  , uciekać ciemność  zło , drżeć   głos , drżeć   głos .  wielki  Bóg ,  wielki  Bóg ,  wielki   Bóg .  czas  swój dłoń mieć ,  wiek  wiek trwać , początek , koniec  , początek , koniec  . jedyny  trójca Bóg , ojciec , syn  duch , baranek   Lew , Baranek   lew .  wielki  Bóg ,  wielki  Bóg ,  wielki   Bóg .  wiek godny  przyjąć chwała , moc  cześć , ogłaszać chcieć  wielki  Bóg .  wielki  Bóg ,  wielki  Bóg ,  wielki   Bóg . "" ","Przywołaj mnie, Panie"
"""  chleb ,  zmieniać   Chrystus ciało ,   ziarno pszeniczny  rodzić .  wino ,   krew Chrystus stać ,  sok  winny grono pochodzić .   chleb  złączyć złoty ziarno ,   miłość łączyć  ofiarny .   kielich łączyć kropla  ,   , Chryste ,  swój złączyć kościół .  pasterz , zgromadzić   swój owczarnia , zabłąkać owca ,  ginąć ,   kościół zebrać  nowo  przygarnąć , Byśmy  stać  rodzina .   chleb  złączyć złoty ziarno ,   miłość łączyć  ofiarny .   kielich łączyć kropla  ,   , Chryste ,  swój złączyć kościół .  ramię swój wziąć ,  Pan ,  ,   wrócić   móc ! niechaj zjednoczenie cud  stać , prowadzić   niebo wspólny droga .   chleb  złączyć złoty ziarno ,   miłość łączyć  ofiarny .   kielich łączyć kropla  ,   , Chryste ,  swój złączyć kościół . "" ",Raduje się Dusza ma
"""     ,    dom . klęknąć  ,   wchodzić ,  razem chwalić  . miejsce  wybrać  ,  wysłuchać  . śpiewać wszystek sługa   dom , Bóg oddać cześć ! "" ",Rozpięty na ramionach
""" jedyny  , prawdziwy Bóg   mieć , oddawać   jedyny   *** ` mieć Izrael "" ",Schowaj mnie
"""   Ciało ,    , jednoczyć   duch , byśmy razem iść . usta głosić chwała  ,  ręka słowo  miecz .  moc odziać  iść , zdobywać ziemia  .  lud król chwała ,  święty naród , wybrany pokolenie ,  objawiać  cześć .  lud król chwała ,  święty naród , wielbić Jezus ,   król  ziemia  . "" ",Serce wielkie nam daj
"""  zakątek   ziemia ,  powracać  chcieć ,  królować  oblicze ,   cięty rysa  . wzrok mieć smutny , zatroskany ,  chcieć prosić  , byś  matczyny  opieka oddać  . Madonna , czarny Madonna ,    dziecko  !  , pozwolić , czarny Madonna ,  ramię   skryć !   ramię znaleźć spokój  uchronić   zło ,   wszystek swój dziecko  serce czuły mieć .  opieka  otoczyć ,   serce oddać swój ,  powtórzyć   radość słowo  : Madonna , czarny Madonna ,    dziecko  !  , pozwolić , czarny Madonna ,  ramię   skryć !  ,  wokół  niepokój ,   człowiek schronić mieć ,  mieć pójść ,    matka ,  ukojenie dać ?  błagać ,  Madonna , skierować wzrok  dziecko swój  wysłuchać ,  śpiewać prosić  : Madonna , czarny Madonna ,    dziecko  !  , pozwolić , czarny Madonna ,  ramię   skryć ! "" ","Spocznij na nas, Duchu Pana"
"""  blisko  ,  tęsknie  Duch  . kochać krok   wiedzieć ,  pukać  drzwi . przychodzić  ciepły wiatr , otwierać   czuć  ,  :  miłość  ciepły deszcz  miłość  morze gwiazda  dzień  miłość sprawiać ,  nieskończenie dobry święty Duch ogarniać  . "" ",Stoisz u naszych drzwi
"""  Król ,  Król , król  Bóg podnieść   serce , podnieść   dłoń , stawać  oblicze  , wielbić  . "" ",Stoję dziś
"""  życie  ,   ruch robić   , Jezus !  pozwalać wciąż oddychać  .  drogi  ,   krok stawiać   , Jezus !  pozwalać wciąż oddychać  . fala  łaski  .   spojrzeć  , wciąż widzieć  .  miłość  uwieść . Jezus jakże  możliwy  ? "" ",Swojego Ducha Panie
"""   śmierć potężny  miłość  zazdrość  nieprzejednany  szeol . żar   żar ogień płomień pański woda wielki  zdołać ugasić miłość  zatopić ,  zatopić  rzeka . "" ",Ta krew
""" Jezus  Jezus ,    mówić chcieć   dawać swój duch uwielbiać  . "" ",Tak jest mało czasu (zabierzesz mnie)
""" Jezus , Tyś  światłość  dusza ,  ciemność mieć  przemawiać    . Jezu , Tyś  światłość  dusza , dać  moc przyjąć  miłość  . "" ",Tak mnie skrusz
""" Jezus Chrystus    alleluja .  kochać  ,  kochać  alleluja . "" ",Tchnij moc
""" Jezus Chrystus      Ziemia król . jedyny  , władca naród , jedyny   Bóg .   imię  mieć zbawienie ,  Jezus    , Jezus    , Jezus  Pan  . alleluja , alleluja , alleluja . "" ",Tobie chór Aniołów
""" Jezus dawać  zbawienie , Jezus dawać pokój  .  składać dziękczynienie , chwała  serce  dam . Jezus siła  , Jezus pieśń  życie . król wieczny  , niepojęty  moc swój .   znaleźć    szukać    .   podać dłoń   zwyciężać  dzień .   rano uzdrowienie ,   śmierć życie dar .  krew  oczyszczenie ,  życie chwała  . Jezus siła  , Jezus pieśń  życie . król wieczny  , niepojęty  moc swój .   znaleźć    szukać    .   podać dłoń   zwyciężać  dzień . "" ",Twe światło jest na drodze mej
""" Jezus wysoki imię ,  Zbawiciel , Książę pokój , Emmanuel , Bóg    , odkupiciel , słowo Żywot . święty Bóg , mesjasz prawdziwy , jedyny ojciec syn , umiłowany , zgładzić grzech , Baranek  wiek , król król    . "" ",Ty jesteś chlebem żywym
""" Jezus , Jezus święty , namaszczony  , Jezus , Jezus , Jezus żyć wywyższyć  , Jezus .  imię  miód  usta  ,  Duch   woda dusza  ,  słowo  lampa   stopa , Jezu ,  kochać  ,  kochać . "" ",Ty jesteś dobry
"""     kwitnąć  ogroda ,      królestwo  . "" ",Ty jesteś skałą
"""  dzień upewniać  ,   miłość wierny  , któż   móc   , wybaczać  dzień . Bóg wiedzieć  ranić  , często słabnąć gubić sens ,   podnosić   nadzieja dawać  . nikt  odebrać    mieć   . pełnić miłość , pełnia radość , pełnić wolność mieć   ! królestwo  . "" ",Ty tylko mnie poprowadź
"""  spragniony  słaby   przyjść  źródło , serce obmyć swój .  ból  cierpienie zanurzyć   swój miłosierdzie ,  głębia wołać   .  Jezus przyjść . "" ",Ty wskazałeś drogę do miłości
""" Bóg  łaska    ,  miłość przychodzić wciąż , działać moc pośród  , przenikać serce gładzić grzech .  chcieć    łaska  , pragnąć  moc ,  miłość  . "" ",Ty światłość dnia
"""  mieć chwila smutny   życie Powierza  matka  rozpacz rozdzierać  serce , ofiarować   matka   krzyż stać matka    syn żegnać  uczyć   pokora , cierpienie znieść  pomóc  matka   krzyż stać matka    syn żegnać  uczyć   pokora , cierpienie znieść  pomóc  ruszyć  daleki wędrówka Powierza  matka   szlak zaskoczyć  burza , ofiarować   matka   krzyż stać matka    syn żegnać  uczyć   pokora , cierpienie znieść  pomóc  matka   krzyż stać matka    syn żegnać  uczyć   pokora , cierpienie znieść  pomóc  zgubić swój droga  Bóg powierzyć  matka    serce  gość trwoga , ofiarować   matka   krzyż stać matka    syn żegnać  uczyć   pokora , cierpienie znieść  pomóc  matka   krzyż stać matka    syn żegnać  uczyć   pokora , cierpienie znieść  pomóc "" ","Tyś jest Bóg, wywyższamy Cię"
"""   jasny , spokojny , cichy noc spoglądać  niebo pełny gwiazda ,  myśleć ,  życie  mieć sens I wołać   , ojciec  .  Bóg ,  Bóg ,   ,  pamiętać ,  czas  źle . wiedzieć  ,         droga kroczyć chcieć .   życie  pełny rozczarowanie  grzech kamień potknąć  ,  spokój utonąć  fala knować ,  drżeć  dusza szukać  .  Bóg ,  Bóg ,   ,  pamiętać ,  czas  źle . wiedzieć  ,         droga kroczyć chcieć . życie człowiek przebiegać kręty droga , hen  góra cel  wędrówka tkwić ,   czas siła braknąć  noga ,   dojść , dojść ,  zaufać  .  Bóg ,  Bóg ,   ,  pamiętać ,  czas  źle . wiedzieć  ,         droga kroczyć chcieć . "" ",Ubi Caritas (Tam gdzie miłość)
""" kiedyś wino  chleb ,  ciało  krew . móc wierzyć   ,  naprawdę dziać  . ciągle czekać  cud , niespokojny  duch ,   przypomnieć ,   cisza   blask świeca cud duży dziać  . kiedyś wino  chleb ,  ciało  krew . móc wierzyć   ,  naprawdę dziać  . wypatrywać  dzień , czekać   znak ,   przypomnieć ,   cisza   blask świeca cud duży dziać  . "" ",Ukaż mi Panie swą twarz
""" kochać ,   musieć  bać , zabrać  strach . Jezus mówić  ,  miłość  zabierać strach . Jezus droga ! Jezus prawda ! Jezus życie ! kochać ,   musieć  kryć , móc siebie  . Jezus mówić  ,  miłość  zabierać strach . Jezus droga ! Jezus prawda ! Jezus życie ! Jezus dawać  miłość swój ,  lękać  . Jezus mówić  ,  miłość  zabierać strach . Jezus droga ! Jezus prawda ! Jezus życie ! "" ",Uwielbiajcie Pana ludzkich serc
"""  spożywać  ciało  krew  pić , trwać   ,     ,  żyć  wiek .   chleb żywy ,  zstąpić  niebo ,    chleb spożywać  żyć  wiek . "" ",Uwielbiam Imię Twoje Panie
 spragniony   przyjść    pić .  rzec pismo : strumień woda żywy popłynąć   wnętrze .  pragnąć dać pić  zdrój zbawienie . ,Uwielbiam Twoje Imię
""" Laudato si ,   Signore .   wysławiać  ,  stworzyć  : Słońce  niebo , księżyc wśród noc . gwiazda świecić , wiatr gwałtowny , żywioła wodny , ogień gorący . Laudato si ,   Signore . I siostra  , matka ziemia ,  ,   żywić  wychowywać , słodki owoc , kwiat  zioło ,  szczyt górski , morski głębina . Laudato si ,   Signore .   chwalić  ,  Bóg ,   śpiewać  ,  Bóg ,    sens  życie .   życie  piosenka ! "" ",W cieniu Twoich rąk
""" Maryja , śliczny  , matka Bóg  człowiek  ziemia . Tyś świat królowa , Tyś gwiazda  niebo ,   wieść  Jezus wieczny tron . Maryja , Ave Maryja .  Bóg  wybłagać zdrój łaska ,  świat dobry  ,   miłość żyć .  Maryja mieć  opieka dziecko swój . Maryja , śliczny  , świat  czuć  swój usta gorzki łza .  serce ból , smutek żal ,   oko wciąż strach , usłyszeć ,  , błaganie , pomóc  . Maryja , Ave Maryja .  Bóg  wybłagać zdrój łaska ,  świat dobry  ,   miłość żyć .  Maryja mieć  opieka dziecko swój . "" ",W swe ramiona
""" matka ,   znać ,  dziecko  bądź ,  droga  nadzieja świecić ,  syn    iść !  wszystek niewiasta wybrać – przyjść  droga wskazać córka lud boży –  syn   prowadzić . służebnica pokorny – pokój świat dać . matka ,   znać ,  dziecko  bądź ,  droga  nadzieja świecić ,  syn    iść ! królowa ognisko rodzinny – przyjść  droga wskazać dziewica , wzorać prostota –  syn   prowadzić . oblubienica cieśla – pokój świat dać . matka ,   znać ,  dziecko  bądź ,  droga  nadzieja świecić ,  syn    iść ! królowa naród  – przyjść  droga wskazać uciśniony nadzieja –  syn   prowadzić . światło łaknąć prawda – pokój świat dać . matka ,   znać ,  dziecko  bądź ,  droga  nadzieja świecić ,  syn    iść ! Pociecha lud biedny – przyjść  droga wskazać  wszelki radość –  syn   prowadzić . matka tkliwy serce – pokój świat dać . matka ,   znać ,  dziecko  bądź ,  droga  nadzieja świecić ,  syn    iść ! dziewica , matka Chrystus – przyjść  droga wskazać dziewica , matka kościół –  syn   prowadzić . dziewica , matka człowiek – pokój świat dać . matka ,   znać ,  dziecko  bądź ,  droga  nadzieja świecić ,  syn    iść ! matka ,  syn  dana – przyjść  droga wskazać matka ,   słuchać –  syn   prowadzić .    rozumieć – pokój świat dać . matka ,   znać ,  dziecko  bądź ,  droga  nadzieja świecić ,  syn    iść ! dziewica   iść – przyjść  droga wskazać historia świat promień –  syn   prowadzić . pośredniczka dobry – pokój świat dać . matka ,   znać ,  dziecko  bądź ,  droga  nadzieja świecić ,  syn    iść ! matka człowiek bezdomny – przyjść  droga wskazać matka prześladowany –  syn   prowadzić . matka dziecko wzgardzić – pokój świat dać . matka ,   znać ,  dziecko  bądź ,  droga  nadzieja świecić ,  syn    iść ! matka człowiek cierpieć – przyjść  droga wskazać matka  serce przeszyć –  syn   prowadzić .  stopa krzyż stać – pokój świat dać . "" ",W swoim wielkim (Pieśń o nadziei)
"""  Bóg król  śpiewać  pieśń    wiek , amen . alleluja , alleluja , alleluja , amen . "" ",W Tobie jest światło
"""  cichy  piękny  wiosna , żyć prosto , zwyczajnie   .  Bóg  świat  przynieść   ziemia wśród łza nowy dzień zajaśnieć . matka ,   rozumieć , serce ogarniać    . matka zobaczyć dobro   umieć ,       czas .  świat potrzeba dobroć ,  niepokój zwyciężyć  zło .  ciepło ,  życie ozłocić ,  Bóg ,  człowiek , nieść  ,    . matka ,   rozumieć , serce ogarniać    . matka zobaczyć dobro   umieć ,       czas . "" ",Wejdźmy do Jego bram
""" miłość   wysoki góra wysoki  , Wielki  wierność  ,  niebo sięgać wzwyż . miłość  głęboki  ocean  dno , Wielki  wierność  ,    zniżać  . "" ",Wielbi Dusza moja Pana (Magnificat)
"""  Jezus ,  zbawca , któż   wielki   ?  wszystek dzień wysławiać chciéć wspaniały dzieło  ręka .   , obrońca , źródło  natchnienie  siła ,   świat ,     wielbić imię  . krzyczeć  cześć Pan , rozradować    , ogłaszać wszędzie ,     . Góry ustąpić  dźwięk  słowo  przemówić stwórca ziem . patrzeć  podziw  dzieło  ręka ,  chcieć kochać     !  móc równać    ,    mieć ? "" ",Wielbić Pana chcę
"""   moc   , pieśń  zbawienie ,  Bóg    otwierać serce swój   Król    ,     wiek , amen . "" ",Wiele jest serc
"""  Zbawiciel ,   kochać  .  ,  wiedzieć  miłość darzyć  .   nowy życie  , ofiarować chcieć  ,  mieszkać razem    ! "" ",Wierzę w Ciebie Panie
""" mówić   ,  , chcieć słyszeć  . przyjąć   ,  mieć   .  chcieć  chować ,    skryć .  cień   chcieć iść . święty , potężny  Pan  .    móc stać dzięki łaska ,  dzięki   . "" ",Wszelka chwała
"""  Bóg  potężny  moc swój królować     niebo rządzić  moc , miłość , mądrość swój "" ",Wszyscy ludzie (Nadejdzie dzień)
""" Woda zamienić   wino . ślepy    widzieć , któż    ?   . blask rozświetlać ciemność . człowiek powstawać  marność , któż    ?   .  Bóg  wielki ,  Bóg  silny Boży nikt   równać    .  Bóg uzdrawiać ,  wszechmogący .  Bóg ,  Bóg . blask rozświetlać ciemność . człowiek powstawać  marność , któż    ?   .   Bóg        zatrzymać !  Bóg  wielki ,  Bóg  silny Boży nikt   równać    .  Bóg uzdrawiać ,  wszechmogący .  Bóg ,  Bóg .   Bóg    , któż  przeciwko  ? któż  przeciwko  ?  Bóg  wielki ,  Bóg  silny Boży nikt   równać    .  Bóg uzdrawiać ,  wszechmogący .  Bóg ,  Bóg . "" ",Wszystkie narody klaskajcie
  musieć mówić  odpocząć   Czuj  bezpiecznie pozwolić kochać  miłość pragnąć  . ,Wszystko mogę w Tym
""" zostać      modlić razem czuwać x 2  bać  ,  lękać  Bóg  wystarczyć x 2 "" ",Wykrzykujcie Bogu
 bać  wypłynąć  głębia    Chrystus . ,Wykrzykujcie na cześć Pana
""" Bóg    dobry  czas .  uwielbić  ,  uwielbić  . "" ","Wzywam Cię, Duchu przyjdź"
"""  mieć  trudny sprawa ,  mieć zbyt błahy     ,    wiedzieć .  potrzeba znać , słyszeć  śmiech  płacz ,    ,   ważny  .  wiedzieć ,    możliwy ,   mieć rzecz  znaczenie ,  modlić    , dobry  .  wiedzieć  zanim powiedzieć słowo ,  Bóg znać   zdanie . uwielbiać  ,  wola   stać ! "" ",Zaprowadź mnie tam
"""  zabraknąć   chleb  zabraknąć   woda ,     chleb  niebo , Jezus  źródło  . "" ",Zaufaj Panu już dziś
"""  oblicze  ,   , zajaśnieć  sługa  .  przenikać   blask . "" ",Zbawca
  święty Duch  przenikać      gość  dusza  .   spłynąć deszcz błogosławieństwo  ojciec obmyć  Duch święty przyjść Duch święty przyjść działać  moc   Duch święty przyjść przemienić smutek czas   spłynąć deszcz błogosławieństwo  ojciec obmyć  ,"Ziemia, którą mi dajesz"
""" niechaj   wielbić wszystek  dzieło  Święty    błogosławić ,  mówić  chwała  królestwo   głosić  potęga . "" ",Zmartwychwstał Pan
""" niechaj miłość   potężny fala spłynąć   łaska  zdrój , Chrystus dotknąć  . "" ",Łaskawość Twoja Panie
""" niechaj zstąpić Duch   odnowić ziemia , życiodajny spłynąć deszcz  spragniony serce . obmyć   uświęcić  , uwielbienie  popłynąć pieśń . Chwała jezusowy ,    życie dać , Chwała  ,  pierwszy umiłować  . Jezus ,  Jezus   ! "" ",Łaską jesteśmy zbawieni
"""   ojciec sierota , opiekun wdowa  dobry Bóg , dom swój dawać  opuszczony . zsyłać deszcz obfity    spragniony wyczerpać  , dobry   biedny ,  łaska swój  Bóg   uniżyć  . niepojęty łaska  wciąż dosięgać  ,  podnosić przemieniać serce  uwalniać  . prawda  .  znać  serce ,  odwracać   wzywać  . kochać    ,   niewiele móc  dać . niepojęty łaska  wciąż dosięgać  ,  podnosić przemieniać serce  uwalniać  . prawda  . "" ",Święte Imię Jezus
"""  głębokość morze   szczyt góra stworzenie objawiać majestat  .  kolor jesień  wiosenny nów  śpiewać  pieśń pełny cudowny słowo ogłaszać . niepojęty , niezmierzony , gwiazda stworzyć   niebo     znać , wspaniały Bóg Tyś  . wszechmogący , nieskończony ,  zachwyt klękać   ,  wyznać   , wspaniały Bóg Tyś  .  uwalniać błyskawica moc  czas burza ,  malować kolor poranny zorza , słońce stworzyć  niebo  dać  swój moc orzeźwić przynosić  gwieździsty noc ,   . niepojęty , niezmierzony , gwiazda stworzyć   niebo     znać , wspaniały Bóg Tyś  . wszechmogący , nieskończony ,  zachwyt klękać   ,  wyznać   , wspaniały Bóg Tyś  . "" ",Święty Święty... (Otwieram serce swe)
"""  Pan ,   dawać ciało swój  krew .    iść wciąż , radosny nucić pieśń :   Bóg wierny  wieczny czas .  dar  chleb , dobry Bóg  rodzina bratni czynić   , miłować uczyć  .   Bóg wierny  wieczny czas .   miłować dać wolność  . chwalić święty imię Bóg ,  uczyć   .   Bóg wierny  wieczny czas . Tyś  wyznaczyć droga wieść   szlak iść  ,  radość nieść  ,   świat brak .   Bóg wierny  wieczny czas . "" ",
