title,txt_pl_lem_tokenized
Abba Ojcze,"['wyzwolić', 'kajdany', 'siebie', 'chrystus', 'stawać', 'brat', 'nauczyć', 'wołać', 'abba', 'ojciec', 'abba', 'ojciec', 'abba', 'ojciec', 'kościół', 'drzewo', 'życie', 'wieczność', 'zapuszczać', 'korzeń', 'przenikać', 'codzienność', 'pokazywać', 'abba', 'ojciec', 'abba', 'ojciec', 'abba', 'ojciec', 'bóg', 'hojny', 'dawca', 'życie', 'wyswobodzić', 'śmierć', 'przygarniać', 'siebie', 'uczynić', 'swój', 'dziecko', 'abba', 'ojciec', 'abba', 'ojciec', 'abba', 'ojciec', 'wszystek', 'brat', 'rodzina', 'prawda', 'zaćmić', 'godzina', 'abba', 'ojciec', 'abba', 'ojciec', 'abba', 'ojciec']"
Alleluja (Niech zabrzmi Panu),"['alleluja', 'alleluja', 'alleluja', 'alleluja', 'zabrzmieć', 'chwała', 'niebiosa', 'wysokość', 'cześć', 'oddać', 'wielbić', 'duch', 'niebieski', 'wielbić', 'zastęp', 'alleluja', 'alleluja', 'alleluja', 'alleluja', 'słońce', 'księżyc', 'wielbić', 'gwiazda', 'świecić', 'wielbić', 'niebiosa', 'niebiosa', 'wielbić', 'woda', 'podniebny', 'wielbić', 'alleluja', 'alleluja', 'alleluja', 'alleluja', 'wielbić', 'imię', 'słowo', 'stwarzać', 'wciąż', 'imię', 'wzniosły', 'niechaj', 'wiek', 'brzmieć', 'chwała', 'alleluja', 'alleluja', 'alleluja', 'alleluja', 'dawać', 'siła', 'swój', 'lud', 'proch', 'podnosić', 'swój', 'przyjaciel', 'bóg', 'bliski', 'izrael', 'swój', 'wybrać', 'umacniać', 'alleluja', 'alleluja', 'alleluja', 'alleluja', 'zabrzmieć', 'chwała', 'ojciec', 'stwarzać', 'syn', 'duchowy', 'zamieszkiwać', 'wszystek', 'wiek', 'wiek', 'amen']"
"Alleluja, Alleluja, Amen Amen, Alleluja","['bóg', 'umiłować', 'świat', 'syn', 'swój', 'jednorodzony', 'dać', 'wierzyć', 'zginąć', 'życie', 'wieczny', 'mieć', 'ojciec', 'jezus', 'jezus', 'jezus']"
"Blisko, blisko, blisko jesteś","['piękność', 'stworzyć', 'raz', 'poznać', 'pokochać', 'móc', 'czuć', 'tonąć', 'ziarenko', 'piasek', 'bezdenny', 'ocean', 'czuć', 'mieć', 'kropla', 'krew', 'płonąć', 'miłość', 'miłosierdzie', 'boży']"
Bo góry mogą ustąpić,"['stworzyciel', 'duch', 'przyjść', 'nawiedzić', 'dusz', 'wierny', 'krąg', 'niebieski', 'łaska', 'zesłać', 'raczyć', 'serce', 'dzieło', 'ręka', 'pocieszyciel', 'zwan', 'i', 'najwyższy', 'bóg', 'dar', 'tyś', 'namaścić', 'dusza', 'zdrój', 'żywy', 'miłość', 'ogień', 'żar', 'darzyć', 'łaski', 'siedemkroć', 'moc', 'prawica', 'ojciec', 'mieć', 'bóg', 'obiecać', 'mowa', 'wzbogacać', 'język', 'światło', 'rozjaśnić', 'myśl', 'serce', 'miłość', 'święty', 'wlać', 'i', 'wątły', 'słabość', 'ciało', 'pokrzepić', 'stałość', 'moc', 'nieprzyjaciel', 'odpędzić', 'dal', 'pokój', 'obdarzyć', 'wraz', 'droga', 'przewód', 'minąć', 'zło', 'kusić', 'dać', 'ojciec', 'znać', 'dać', 'syn', 'poznać', 'tchnienie', 'wyznawać', 'wszystek', 'siła', 'bóg', 'ojciec', 'chwała', 'brzmieć', 'syn', 'zmartwychwstać', 'temu', 'pocieszać', 'hołd', 'wieczysty', 'pynie', 'chwała', 'amen']"
Bo jak śmierć potężna jest miłość,"['wychwalać', 'wszystek', 'naród', 'wysławiać', 'wszystek', 'lud', 'łaskawość', 'potężny', 'wierność', 'trwać', 'wiek', 'alleluja', 'alleluja']"
Boże Twa łaska,"['chcieć', 'zbyt', 'wysoko', 'sięgać', 'patrzeć', 'pycha', 'lśnić', 'chwała', 'chociaż', 'wyniosły', 'mieszkanie', 'zazdrość', 'godny', 'świat', 'pałac', 'oczekiwać', 'oczekiwanie', 'uspokajać', 'serce', 'uciszyć', 'pokój', 'chcieć', 'wywyższać', 'serce', 'pragnąć', 'próg', 'cisza', 'próg', 'siedzieć', 'cieszyć', 'bóg', 'oczekiwać', 'oczekiwanie', 'uspokajać', 'serce', 'uciszyć', 'pokój']"
Była cicha i piękna jak wiosna,"['oczyścić', 'serce', 'chcieć', 'złoto', 'lśnić', 'czysty', 'srebro', 'oczyścić', 'serce', 'chcieć', 'czysty', 'złoto', 'blask', 'lśnić', 'zstąpić', 'ogień', 'zstąpić', 'przyjść', 'oczyścić', 'serce', 'pragnąć', 'święty', 'oddany', 'chcieć', 'święty', 'mistrz', 'oddany', 'gotowy', 'służyć', 'oczyścić', 'serce', 'obmyć', 'swój', 'krew', 'sprawa', 'móc', 'święty', 'oczyścić', 'serce', 'tajny', 'grzech', 'oczyścić', 'zstąpić', 'ogień', 'zstąpić', 'przyjść', 'oczyścić', 'serce', 'pragnąć', 'święty', 'oddany', 'chcieć', 'święty', 'mistrz', 'oddany', 'gotowy', 'służyć']"
Bóg nasz Pan,"['oddać', 'cześć', 'wieczny', 'chwał', 'pokłonić', 'rozpostrzeć', 'niebiosa', 'utwierdzić', 'ziemia', 'krąg', 'chwała', 'wznosić', 'szczyt', 'góra', 'łaska', 'niebo', 'tron', 'bóg']"
Bóg tak umiłował świat,"['uczynić', 'gałązka', 'krzew', 'winny', 'duch', 'płonąć', 'ognisty', 'krzew', 'liść', 'zwiędnąć', 'oczyścić', 'pozwolić', 'siebie', 'trwać', 'odnowić', 'dać', 'przynosić', 'dobry', 'owoc', 'wyzwolić', 'nowy', 'życie', 'dać', 'zasadzić', 'płynąć', 'żywy', 'woda', 'uświęcić', 'nauczyć', 'siebie', 'trwać', 'miłować', 'dusza', 'wskazać', 'paść', 'stado', 'swój', 'źródło', 'woda', 'żywy', 'prowadzić', 'błąkać', 'szukać', 'odnowić', 'dać', 'przynosić', 'dobry', 'owoc', 'wyzwolić', 'nowy', 'życie', 'dać', 'zasadzić', 'płynąć', 'żywy', 'woda', 'uświęcić', 'nauczyć', 'siebie', 'trwać']"
Będziemy tańczyć,"['ofiarować', 'życie', 'wiek', 'serce', 'wiedzieć', 'tyś', 'miłość', 'jedyna']"
Będę śpiewał Ci,"['posłać', 'dotknąć', 'ogień', 'warga', 'powiedzieć', 'chcieć', 'rozkosz', 'posłuszny', 'dać', 'swój', 'duch', 'abym', 'móc', 'stać', 'chleb', 'abym', 'stać', 'wino', 'abym', 'gasić', 'pragnienie', 'posłać', 'dotknąć', 'ogień', 'warga', 'powiedzieć', 'chcieć', 'rozkosz', 'posłuszny', 'chcieć', 'mówić', 'potrzeba', 'wiedzieć', 'objawić', 'pragnienie']"
"Błogosław, duszo moja Pana","['dzień', 'dać', 'weselić', 'radować']"
Błogosławcie Pana wszystkie Jego dzieła,"['tańczyć', 'śpiewać', 'klaskać', 'dłoń', 'swój', 'stanąć', 'twarz', 'twarz', 'spotkać', 'nowy', 'jeruzalem', 'refren', 'tańczyć', 'śpiewać', 'klaskać', 'dłoń', 'swój', 'biały', 'szata', 'stawić', 'ojciec', 'swój', 'adonai', 'nadejść', 'dzień', 'spełnić', 'dawno', 'objawić', 'bóg', 'mocno', 'trwać', 'poddawać', 'poddawać']"
Błogosławione jest Imię Twe,"['stać', 'drzwi', 'kołatać', 'stać', 'drzwi', 'kołatać', 'posłyszeć', 'głos', 'drzwi', 'otworzyć', 'wejść', 'wieczerzać']"
Cała ziemio wołaj,"['otworzyć', 'oko', 'pan', 'otworzyć', 'oko', 'serce', 'chcieć', 'widzieć', 'wywyższyć', 'widzieć', 'chcieć', 'ujrzeć', 'blask', 'chwała', 'wylać', 'swój', 'miłość', 'moc', 'śpiewać', 'święty', 'święty', 'święty', 'chcieć', 'widzieć']"
Chcę wywyższać Imię Twe,"['oświecić', 'droga', 'choćby', 'krok', 'pozwolić', 'miejsce', 'stać', 'ciągle', 'czekać', 'cud', 'abyś', 'nowy', 'pragnienie', 'serce', 'wlać']"
Chlebie najcichszy,"['pasterz', 'braknąć', 'pozwalać', 'leżeć', 'zielony', 'pastwisko', 'braknąć', 'prowadzić', 'woda', 'móc', 'odpocząć', 'braknąć']"
Chrystus Pan karmi nas,"['blisko', 'oczekiwać', 'blisko', 'serce', 'moc']"
"Chrystus Pan, Boży Syn","['pasterz', 'braknąć', 'zielony', 'niwa', 'paść', 'woda', 'spokojny', 'prowadzić', 'dusza', 'pokrzepiać', 'wieść', 'ścieżka', 'sprawiedliwość', 'swój', 'choćbym', 'iść', 'ciemny', 'dolina', 'zło', 'ulęknąć', 'boś', 'laska', 'kij', 'pocieszać', 'laj', 'laj']"
Chwal Adonai,"['czuwać', 'bóg', 'bóg', 'strzec', 'strzec', 'czuwać', 'bóg', 'cień', 'chcieć', 'chodzić', 'wszystek', 'droga', 'prowadzić', 'moc', 'swój', 'abym', 'upaść', 'strzec', 'strzec', 'czuwać', 'bóg', 'cień']"
Chwalcie Pana niebios,"['wywyższyć', 'król', 'wywyższyć', 'wśród', 'chwała', 'uwielbiać', 'wywyższyć', 'król', 'wywyższyć', 'oddać', 'cześć', 'król', 'łaska', 'wiek', 'trwać', 'niebo', 'ziemia', 'radować', 'imię', 'wywyższyć', 'król', 'wywyższyć', 'wśród', 'chwała']"
Chwalcie łąki umajone,"['dobry', 'chleb', 'bądź', 'uwielbić', 'swój', 'kościół', 'tyś', 'koniec', 'umiłować', 'koniec', 'umiłować', 'tyś', 'pustkowie', 'chleb', 'rozmnożyć', 'byśmy', 'niebo', 'droga', 'ustać', 'tyś', 'stać', 'manna', 'wędrowiec', 'ziemia', 'dotąd', 'wytrwać', 'dobry', 'chleb', 'bądź', 'uwielbić', 'swój', 'kościół', 'tyś', 'koniec', 'umiłować', 'koniec', 'umiłować', 'ziarno', 'zebrać', 'odrzucić', 'chwast', 'one', 'dojrzewać', 'pachnieć', 'świeży', 'chleb', 'ziemia', 'stać', 'ołtarz', 'chleb', 'komunia', 'spragniony', 'dobry', 'chleb', 'bądź', 'uwielbić', 'swój', 'kościół', 'tyś', 'koniec', 'umiłować', 'koniec', 'umiłować', 'nazwać', 'swój', 'przyjaciel', 'spełnić', 'przykazać', 'uczynić', 'tyś', 'życie', 'oczekiwanie', 'dobry', 'chleb', 'bądź', 'uwielbić', 'swój', 'kościół', 'tyś', 'koniec', 'umiłować', 'koniec', 'umiłować', 'tyś', 'życie', 'swój', 'krzyż', 'oddać', 'znak', 'chleb', 'pozostać', 'mieć', 'otworzyć', 'serce', 'koniec', 'umiłować']"
"Chwalę Ciebie, Panie","['przychodzić', 'serce', 'skruszony', 'przyjm', 'skłaniać', 'święty', 'tron', 'wznosić', 'ręka', 'wzwyż', 'miłość', 'wyznawać', 'uwielbiać', 'duch', 'uwielbiać', 'prawda']"
Chwała Bogu Ojcu,"['śpiewać', 'piękny', 'pieśń', 'anioł', 'śpiewać', 'święty', 'święty', 'święty', 'zastępa', 'ziemia', 'pełny', 'chwała']"
Ciebie całą duszą pragnę,"['pozostać', 'mieć', 'wieczór', 'dzień', 'nachylić']"
Do Ciebie Panie,"['chwała', 'cześć', 'głosić', 'chwała', 'cześć', 'chwała', 'cześć', 'potężny', 'bóg', 'mieszkać', 'wyspa', 'morze', 'przemierzać', 'mieszkaniec', 'miasto', 'wznieść', 'swój', 'głos', 'zaśpiewać', 'chwała', 'cześć', 'głosić', 'chwała', 'cześć', 'chwała', 'cześć', 'potężny', 'bóg', 'śpiewać', 'pieśń', 'nowy', 'ogłosić', 'chwała', 'kraniec', 'ziemia', 'naród', 'wyznać', 'cześć', 'usłyszeć']"
Do mnie wróć,"['pewien', 'noc', 'łza', 'oko', 'otrzeć', 'dłoń', 'swój', 'jezus', 'i', 'powiedzieć', 'martwić', 'bok', 'potem', 'spojrzeć', 'grzeszny', 'świat', 'pogrążyć', 'ciemność', 'zwracać', 'pełny', 'troska', 'rzec', 'powiedzieć', 'człowiek', 'kochać', 'wciąż', 'troszczyć', 'zejść', 'droga', 'powiedzieć', 'szukać', 'wzgórze', 'golgota', 'życie', 'oddać', 'umrzeć', 'móc', 'żyć', 'zapomnieć', 'chwila', 'spotkać', 'jezus', 'ślepy', 'przywrócić', 'wzrok', 'powiedzieć', 'człowiek', 'kochać', 'wciąż', 'troszczyć', 'zejść', 'droga', 'powiedzieć', 'szukać']"
Dobry jest Pan,"['podnieść', 'jezus', 'prowadzić', 'ojciec', 'podnieść', 'jezus', 'prowadzić', 'ojciec', 'zanurzyć', 'woda', 'miłosierdzie', 'amen', 'amen']"
Dotknij Panie moich oczu,"['pokój', 'pokój', 'pokój', 'bać', 'wziąć', 'duch', 'święty', 'wziąć', 'duch', 'święty', 'poprowadzić']"
Duchu miłości,"['pomodlić', 'miriam', 'syn', 'żyć', 'pomodlić', 'jezus', 'żyć', 'zstępować', 'duch', 'święty', 'niebo', 'stawać', 'miriam', 'tyś', 'brama', 'niebo', 'niebo', 'syn', 'wziąć', 'wziąć', 'swój', 'łono', 'bóstwo', 'jezus', 'zajaśnieć', 'pomodlić', 'miriam', 'syn', 'żyć', 'pomodlić', 'jezus', 'żyć', 'zstępować', 'duch', 'święty', 'niebo', 'stawać', 'gdybym', 'umrzeć', 'jezus', 'żyć', 'gdybym', 'umrzeć', 'odpocząć', 'przyspieszyć', 'przyspieszyć', 'śmierć', 'pragnąć', 'umrzeć', 'żyć']"
Duchu święty (o przyjdź i rozpal nas),"['powietrze', 'obecność', 'święty', 'serce', 'powszedni', 'chleb', 'żywy', 'słowo', 'dać', 'móc', 'żyć', 'serce', 'chcieć', 'bić']"
Duchu święty ogarnij mnie,"['prawda', 'jedyny', 'słowo', 'jezus', 'nazaret', 'swój', 'syn', 'posłać', 'człowiek', 'bóg', 'świat', 'niewinnie', 'cierpieć', 'zemrzeć', 'grzech', 'pohańbić', 'przyjąć', 'wina', 'dzięki', 'bóg', 'krzyż', 'jezus', 'cierpieć', 'jezus', 'cierpieć', 'uwierzyć', 'jezus', 'umrzeć', 'miłość', 'przyjść', 'niebo', 'świat', 'błogosławiony', 'wierzyć', 'widzieć', 'zaufać', 'bóg', 'wiek', 'żyć', 'dzięki', 'bóg', 'krzyż', 'jezus', 'cierpieć', 'jezus', 'cierpieć']"
Duchu święty powiej wiatrem,"['oblicze', 'uniżyć', 'wywyższyć', 'ziemia', 'czas', 'wywyższyć', 'wszystek', 'swój', 'troska', 'oddać', 'wywyższyć', 'ziemia', 'czas', 'wywyższyć', 'pokora', 'stanąć', 'swój', 'wywyższyć', 'ziemia', 'czas', 'wywyższyć']"
Duchu święty przyjdź (Niech wiara zagości),"['tron', 'stać', 'wpatrzyć', 'miłość', 'blask', 'podobny', 'stawać', 'widzieć', 'twarz', 'chwała', 'wypełniać', 'obecność', 'blask', 'wielbić', 'wiedzieć', 'chwała', 'cześć', 'mądrość', 'moc', 'błogosławieństwo', 'wiek', 'wiek', 'chwała', 'wypełniać', 'obecność', 'blask', 'wielbić', 'wiedzieć']"
"Duchu święty, cudownym wiatrem jesteś","['błogosławić', 'dusza', 'święty', 'imię', 'błogosławić', 'dusza', 'dobroć', 'zapominać', 'odpuszczać', 'wszystek', 'grzech', 'leczyć', 'wszystek', 'choroba', 'okazować', 'swój', 'miłosierdzie', 'ratować', 'zguba', 'napełniać', 'życie', 'dobro', 'odnowić', 'młodość', 'orzeł', 'odpłacać', 'grzech', 'chcieć', 'wiecznie', 'gniewać', 'pamiętać', 'żeśmy', 'proch', 'wiedzieć', 'błogosławić', 'dusza', 'święty', 'imię', 'błogosławić', 'dusza', 'dobroć', 'zapominać', 'ojciec', 'swój', 'dziecko', 'litować', 'pokorny', 'oddalać', 'wina', 'wschód', 'zachód', 'wysoko', 'niebo', 'ziemia', 'wielki', 'dobroć', 'człowiek', 'bać', 'dzień', 'człowiek', 'trawa', 'kwitnąć', 'polny', 'kwiat', 'mocno', 'wiatr', 'zawiać', 'znikać', 'ślad', 'błogosławić', 'dusza', 'święty', 'imię', 'błogosławić', 'dusza', 'dobroć', 'zapominać', 'błogosławić', 'wszystek', 'anioł', 'błogosławić', 'wszystek', 'człowiek', 'błogosławić', 'wszystek', 'dzieło', 'błogosławić', 'błogosławić', 'dusza', 'święty', 'imię', 'błogosławić', 'dusza', 'dobroć', 'zapominać']"
"Duszo ma, Pana chwal","['przychodzić', 'drzwi', 'zamknięty', 'jezu', 'zmartwychwstały', 'ślad', 'męka', 'posłać', 'duch', 'bóg', 'uzdrowić', 'życie']"
Dzielmy się wiarą jak chlebem,"['przyjaciel', 'mieć', 'pocieszać', 'ramię', 'oprzeć', 'nadzieja', 'mieć', 'ulecieć', 'strach', 'blisko', 'troszczyć', 'król', 'król', 'bóg', 'jezus']"
"Dzięki, o Panie! Składamy dzięki","['przyjaciel', 'chcieć', 'zostać', 'chcieć', 'byś', 'mówić', 'wystarczyć', 'byś', 'mieć', 'duży', 'miłość', 'życie', 'oddawać', 'móc', 'żyć', 'chcieć', 'źle', 'przyjaciel', 'otwierać', 'serce', 'swój', 'mieć', 'duży', 'miłość', 'życie', 'oddawać', 'móc', 'żyć']"
Gdy kiedyś Pan,"['przyjść', 'deszcz', 'ożywić', 'suchy', 'ziemia', 'serce', 'przyjść', 'deszcz', 'spragniony', 'świat', 'dotknąć', 'wiatr', 'rozpędzić', 'smutek', 'otrzeć', 'łza', 'zabrać', 'radość', 'zmieniać', 'strach', 'nowy', 'stawać', 'przyjść', 'napełnić', 'przyjść', 'deszcz', 'spragniony', 'serce', 'pragnąć', 'moc', 'objawić', 'pokazać', 'swój', 'chwała', 'przyjść', 'deszcz', 'obmyć', 'gorycz', 'żal', 'ból', 'pozwolić', 'nadzieja', 'kwitnąć', 'zły', 'zniknąć', 'nowy', 'dzień', 'nastawać', 'słońce', 'blask', 'pochmurny', 'czas', 'nowy', 'stawać', 'przyjść', 'napełnić', 'przyjść', 'deszcz', 'spragniony', 'serce', 'pragnąć', 'moc', 'objawić', 'pokazać', 'swój', 'chwała']"
Gdy klęczę przed Tobą,"['przywołać', 'przywołać', 'pustynia', 'głód', 'tęsknota', 'przywołać', 'mówić', 'serce', 'mówić', 'serce', 'znać', 'ukryć', 'dolina', 'usychać', 'piękny', 'winnica', 'wiedzieć', 'otworzyć', 'ukryć', 'źródło', 'umilknąć', 'pragnienie', 'myśleć', 'abyś', 'móc', 'mówić', 'słowo', 'miłość', 'przebaczenie', 'przeniknąć', 'dusza', 'mówić', 'serce', 'mówić', 'serce', 'znać', 'ukryć', 'dolina', 'usychać', 'piękny', 'winnica', 'wiedzieć', 'otworzyć', 'ukryć', 'źródło']"
Gdy schodzimy się,"['radować', 'dusza', 'mieć', 'wielbić', 'swój', 'śpiewać', 'siła', 'sławić', 'dzieło', 'śpiewać', 'siła', 'błogosławić', 'imię', 'miłosierny', 'zastęp', 'moc', 'ramię', 'swój', 'lud', 'zbawca']"
GLORIA!!! (Na niedzielę i święta),"['rozpiąć', 'ramię', 'sokół', 'niebo', 'chrystus', 'syn', 'bóg', 'spojrzeć', 'prosić', 'ziemia', 'ruchliwy', 'ulica', 'zabiegany', 'człowiek', 'dzień', 'kończyć', 'ranek', 'budzić', 'uśmiechnąć', 'przyjaźnie', 'wysoki', 'krzyż', 'ciężko', 'pracować', 'głód', 'poniżać', 'rozpiąć', 'ramię', 'sokół', 'niebo', 'chrystus', 'syn', 'bóg', 'spojrzeć', 'prosić', 'ziemia', 'pocieszyć', 'zrozpaczony', 'chleb', 'dać', 'głodować', 'modlić', 'słuchać', 'wybaczyć', 'umierać', 'spojrzeć', 'cierpienie', 'sokoli', 'wszechświat', 'ziemia', 'cichy', 'ciemny', 'kościół', 'dziecko', 'wzywać', 'rozpiąć', 'ramię', 'sokół', 'niebo', 'chrystus', 'syn', 'bóg', 'spojrzeć', 'prosić', 'ziemia', 'sądzić', 'boski', 'miłosierdzie', 'prosić', 'dziecko', 'sądzić', 'miara', 'siebie']"
Godzien o godzien jest Bóg,"['schować', 'skrzydło', 'swój', 'ukryć', 'silny', 'dłoń', 'swój', 'fala', 'morze', 'chcieć', 'porwać', 'wznieść', 'podnieść', 'król', 'tyś', 'spienić', 'woda', 'ufać', 'bóg', 'odpocząć', 'ramię', 'dusza', 'mieć', 'trwać', 'fala', 'morze', 'chcieć', 'porwać', 'wznieść', 'podnieść', 'król', 'tyś', 'spienić', 'woda', 'ufać', 'bóg']"
Gwiazdo zaranna,"['serce', 'wielki', 'dać', 'zdolny', 'objąć', 'świat', 'serce', 'dać', 'mężny', 'walka', 'zło', 'zwlec', 'siebie', 'uczynek', 'stary', 'człowiek', 'zniszczyć', 'budzić', 'boży', 'gniew', 'wdziać', 'biel', 'nowy', 'szata', 'chrystus', 'nowy', 'człowiek', 'powstać', 'serce', 'wielki', 'dać', 'zdolny', 'objąć', 'świat', 'serce', 'dać', 'mężny', 'walka', 'zło', 'nowy', 'człowiek', 'historia', 'wpisać', 'miłość', 'wskazać', 'droga', 'odnowa', 'ludzki', 'serce', 'nowy', 'człowiek', 'przeżyć', 'własny', 'życie', 'tworzyć', 'wspólny', 'wysiłek', 'nowy', 'świat', 'serce', 'wielki', 'dać', 'zdolny', 'objąć', 'świat', 'serce', 'dać', 'mężny', 'walka', 'zło', 'nowy', 'człowiek', 'przynieść', 'ziemia', 'pokój', 'znak', 'wiara', 'jednoczyć', 'świat', 'nowy', 'człowiek', 'przynieść', 'ziemia', 'wolność', 'prawda', 'człowiek', 'wyzwolić', 'niszczyć', 'zło']"
Idź w pokoju,"['spocząć', 'duch', 'duch', 'mądrość', 'rozum', 'duch', 'poznanie', 'bojaźń', 'boży', 'duch', 'miłość', 'moc']"
"Ja wierzę, że to Jezus","['błogosławić', 'wszystek', 'dzieło', 'kwitnąć', 'cierpienie', 'błogosławić', 'błogosławić', 'wszystek', 'łza', 'żal', 'słabość', 'upokorzenie', 'błogosławić', 'błogosławić', 'wszystek', 'rana', 'duch', 'święty', 'stawać', 'balsam', 'błogosławić', 'błogosławić', 'wszystek', 'niemoc', 'ból', 'skrzętnie', 'skrywać', 'bezsenny', 'noc', 'błogosławić', 'błogosławić', 'ufać', 'wciąż', 'uzdrawiać', 'łaska', 'swój', 'deszcz', 'błogosławić']"
Jak Dawid,"['stać', 'drzwi', 'kołatać', 'długo', 'słowo', 'życie', 'wieczny', 'mieć', 'usłyszeć', 'głos', 'drzwi', 'otworzyć', 'trwać', 'wielki', 'miłość', 'cierpliwy', 'wierny', 'łaskawy', 'chcieć', 'wnieść', 'serce', 'wejść', 'zamieszkać', 'dar', 'życie', 'mieć', 'przyjść', 'umocnić', 'byśmy', 'wytrwać', 'miłość']"
Jak dobrze jest dziękować Ci,"['stać', 'swój', 'serce', 'ręka', 'wyciągać', 'podziw', 'dać', 'stać', 'swój', 'dusić', 'składać', 'chcieć']"
Jak ożywczy deszcz,"['swój', 'duch', 'wylać']"
Jak wielki jest Bóg,"['krew', 'grzech', 'odmywać', 'krew', 'czynić', 'biały', 'śnieg', 'krew', 'grzech', 'odmywać', 'baranek', 'święty', 'krew']"
Jeden chleb,"['czas', 'dzień', 'serce', 'bić', 'chwila', 'niespokojnie', 'czekać', 'wiercić', 'koniec', 'przytulić', 'czas', 'dzień', 'serce', 'bić', 'chwila', 'wiedzieć', 'poznać', 'wiedzieć', 'pewno', 'rozpoznać', 'zabrać', 'drugi', 'brzeg', 'niebo', 'biec', 'wcale', 'ciężko', 'wiedzieć', 'koniec', 'droga', 'spotkać', 'chociaż', 'tyle', 'trudny', 'dzień', 'codziennie', 'blisko', 'niebo', 'warto', 'żyć', 'czas', 'dzień', 'serce', 'bić', 'chwila', 'wiedzieć', 'poznać', 'wiedzieć', 'pewno', 'rozpoznać', 'zabrać', 'drugi', 'brzeg', 'niebo', 'biec', 'mijać', 'godzina', 'mijać', 'czas', 'szukać', 'niebo', 'pośród', 'gwiazda', 'wiedzieć', 'poznać', 'wiedzieć', 'pewno', 'rozpoznać', 'zabrać', 'drugi', 'brzeg', 'niebo', 'biec']"
Jeden jest tylko Pan,"['skruszyć', 'złam', 'wypalić', 'byś', 'zostać', 'byś', 'zostać', 'jedynie']"
"Jedyny Pan, prawdziwy Bóg","['tchnąć', 'moc', 'tchnąć', 'miłość', 'przenikać', 'życie', 'serce', 'swój', 'oddawać', 'cześć', 'myśl', 'swój', 'oddawać', 'cześć', 'siła', 'swój', 'oddawać', 'cześć', 'tchnąć', 'moc', 'tchnąć', 'miłość', 'przenikać', 'życie', 'serce', 'swój', 'uwielbić', 'chcieć', 'myśl', 'swój', 'uwielbić', 'chcieć', 'siła', 'swój', 'uwielbić', 'chcieć']"
Jest jedno ciało,"['chór', 'anioł', 'chór', 'anioł', 'śpiewać', 'nowy', 'pieśń', 'chwała', 'baranek', 'alleluja', 'alleluja', 'alleluja', 'chwała', 'cześć']"
Jest zakątek na tej Ziemii,"['światło', 'droga', 'nikt', 'zgasić', 'wiedzieć', 'zgubić', 'jasno', 'świecić', 'ciemność', 'blask', 'swój', 'ogarniać']"
Jesteś blisko mnie (Twoja miłość),"['chleb', 'żywy', 'spożywać', 'umrzeć', 'uwierzyć', 'pragnąć', 'wiek']"
Jesteś Królem,"['błogosławić', 'imię', 'błogosławić', 'imię', 'wywyższyć', 'wszelki', 'chwała', 'cześć', 'tyś', 'jedynie', 'powstać', 'chwalić', 'chwalić', 'wiek', 'powstać', 'chwal', 'bóg', 'wciąż', 'jedynie', 'powstać', 'chwalić', 'chwalić', 'wiek', 'powstać', 'chwal', 'bóg', 'wciąż', 'wszechświat']"
Jesteś życiem mym,"['dobry', 'łaska', 'trwać', 'wiecznie', 'człowiek', 'wszystek', 'naród', 'rasa', 'pokolenie', 'pokolenie', 'wielbić', 'alleluja', 'alleluja', 'wielbić', 'dobroć', 'dobry']"
Jezu mój Jezu,"['skała', 'zbawienie', 'mieć', 'siła', 'moc', 'tyś', 'nadzieja', 'natchnienie', 'wznosić', 'głos', 'pan', 'wierzyć', 'wierzyć', 'miłość', 'wierny', 'tyś', 'pomoc', 'potrzeba', 'chcieć']"
Jezu Tyś jest,"['drogi', 'pomyć', 'los', 'zły', 'oko', 'mgły', 'zasnuć', 'mieć', 'siebie', 'ufność', 'lękać', 'gniew', 'świat', 'przysłonić', 'zazdrość', 'chwast', 'zakiełkować', 'mieć', 'siebie', 'ufność', 'lękać', 'poprowadzić', 'powierzać', 'droga', 'poprowadzić', 'poprowadzić', 'prowadzić', 'droga', 'prosty', 'możliwy', 'pokazać', 'głos', 'usłyszeć', 'karmić', 'dzień', 'mieć', 'siebie', 'ufność', 'lękać', 'poprowadzić', 'powierzać', 'droga', 'poprowadzić']"
Jezus Chrystus moim Panem jest,"['wskazać', 'droga', 'miłość', 'zmienić', 'świat', 'swój', 'zmartwychwstanie', 'wiedzieć', 'serce', 'dziać', 'oddać', 'życie', 'wszystek', 'bliski', 'stopa', 'świat', 'wiedzieć', 'czekać', 'serce', 'dzień', 'noc', 'oko', 'niewidoczny', 'wiedzieć', 'serce', 'dziać', 'móc', 'pomóc']"
Jezus Chrystus to Panów Pan,"['światłość', 'dzień', 'wszedłeś', 'ciemność', 'dać', 'wzrok', 'abym', 'móc', 'widzieć', 'twarz', 'spojrzenie', 'miłość', 'roztapiać', 'strach', 'wielbić', 'oddawać', 'chwała', 'wyznać', 'bóg', 'dobry', 'łaskawy', 'wspaniały', 'cenny', 'czas', 'król', 'wywyższyć', 'wiek', 'jaśnieć', 'niebo', 'tron', 'zszedłeś', 'ziemia', 'stać', 'człowiek', 'raj', 'stać', 'dom', 'wielbić', 'oddawać', 'chwała', 'wyznać', 'bóg', 'dobry', 'łaskawy', 'wspaniały', 'cenny', 'odpłacić', 'miłość', 'krzyż', 'wielbić', 'oddawać', 'chwała', 'wyznać', 'bóg', 'dobry', 'łaskawy', 'wspaniały', 'cenny']"
Jezus daje nam zbawienie,"['tyś', 'bóg', 'wywyższać', 'tyś', 'uwielbiać', 'tyś', 'odwieczny', 'ojciec', 'stworzenie', 'wielbić', 'amen']"
Jezus najwyższe Imię,"['ubi', 'caritas', 'et', 'amor', 'ubi', 'caritas', 'deus', 'ibi', 'es', 'miłość', 'dobroć', 'miłość', 'mieszkać', 'bóg']"
Jezus Namaszczony Pan (Twe imię jak miód),"['ukazać', 'swój', 'twarz', 'dać', 'usłyszeć', 'głos', 'słodki', 'głos', 'twarz', 'pełny', 'wdzięk', 'ukazać', 'swój', 'twarz']"
Już teraz we mnie kwitną Twe ogrody,"['uwielbiać', 'ludzki', 'serce', 'bić', 'dzwony', 'paść', 'kolano', 'lud', 'utrudzić', 'osuszyć', 'łza', 'ratunek', 'stopa', 'paść', 'wróg', 'bóg', 'niezwyciężony', 'niepojęty', 'swój', 'mądrość', 'święty', 'święty', 'bóg', 'miłość', 'śpiewać', 'ziemia', 'chwalić', 'wszystek', 'świat', 'strona']"
Każdy dzień upewnia mnie,"['uwielbiać', 'imię', 'wywyższać', 'dawać', 'hołd', 'przedsionek', 'chwała', 'stawać', 'radość', 'śpiewać', 'pieśń', 'jezus', 'chcieć', 'wyznać', 'kochać', 'zmieniać', 'chcieć', 'dziękować', 'wszystek', 'siła', 'dawać', 'siebie', 'wiek', 'żyć']"
Każdy spragniony,"['ziemia', 'wołać', 'radość', 'cześć', 'pan', 'radować', 'weselić', 'ziemia', 'wołać', 'radość', 'cześć', 'pan', 'alleluja', 'alleluja', 'śpiewać', 'pieśń', 'nowy', 'uczynić', 'cud', 'zwycięstwo', 'zgotować', 'prawica', 'święty', 'ramię', 'ziemia', 'wołać', 'radość', 'cześć', 'pan', 'radować', 'weselić', 'ziemia', 'wołać', 'radość', 'cześć', 'pan', 'alleluja', 'alleluja', 'okazać', 'swój', 'zbawienie', 'oko', 'pogan', 'objawić', 'swój', 'sprawiedliwość', 'wspomnieć', 'dobroć', 'wierność', 'swój', 'dom', 'izrael', 'ziemia', 'wołać', 'radość', 'cześć', 'pan', 'radować', 'weselić', 'ziemia', 'wołać', 'radość', 'cześć', 'pan', 'alleluja', 'alleluja', 'ujrzeć', 'wszystek', 'kraniec', 'ziemia', 'zbawienie', 'bóg', 'wołać', 'radość', 'cześć', 'pan', 'ziemia', 'cieszyć', 'weselić', 'grać', 'ziemia', 'wołać', 'radość', 'cześć', 'pan', 'radować', 'weselić', 'ziemia', 'wołać', 'radość', 'cześć', 'pan', 'alleluja', 'alleluja', 'śpiewać', 'wtór', 'cytra', 'wtór', 'cytra', 'dźwięk', 'harfa', 'trąba', 'głos', 'róg', 'oko', 'król', 'radować', 'ziemia', 'wołać', 'radość', 'cześć', 'pan', 'radować', 'weselić', 'ziemia', 'wołać', 'radość', 'cześć', 'pan', 'alleluja', 'alleluja', 'szumieć', 'morze', 'żyć', 'krąg', 'ziemia', 'mieszkaniec', 'rzeka', 'klaskać', 'dłoń', 'góra', 'razem', 'wołać', 'radość']"
Kiedy masz chwile smutne (Matce która pod krzyżem),"['uwielbiać', 'imię', 'uwielbiać', 'serce', 'uwielbiać', 'święty', 'rana', 'zadany', 'krwawy', 'męka', 'uwielbiać', 'droga', 'krzyż', 'siedem', 'słowo']"
"Kiedy w jasną, spokojną - O Boże","['cień', 'ręka', 'ukryć', 'prosić', 'bać', 'wokół', 'mroka', 'bądź', 'światło', 'bądź', 'nadzieja', 'dzień', 'śnić', 'głos', 'serce', 'ręka', 'trzymać', 'brzeg', 'noc', 'brzeg', 'dzień', 'bądź', 'skrzydło', 'braknąć', 'siła', 'chwyć', 'nieść', 'niebo', 'blisko', 'chcieć', 'ramię', 'skryć']"
Kiedyś wino i chleb,"['swój', 'ramię', 'wziąć', 'moc', 'krzyż', 'dodać', 'siła', 'księga', 'życie', 'wpisać', 'swój', 'chwała', 'przyjąć', 'chcieć']"
Kocham więc nie muszę się bać,"['swój', 'wielki', 'miłosierdzie', 'bóg', 'zrodzić', 'nadzieja', 'swój', 'wielki', 'miłosierdzie', 'bóg', 'zrodzić', 'nadzieja', 'wielki', 'nadzieja']"
Kto spożywa moje ciało,"['światło', 'mrok', 'rozjaśniać', 'życie', 'śmierć', 'zwyciężać', 'ufać', 'miłosierny', 'jezus', 'wybawić']"
Kto spragniony jest,"['wejść', 'brama', 'dziękczynienie', 'tron', 'oddać', 'cześć', 'wejść', 'brama', 'uwielbienie', 'radosny', 'śpiewać', 'pieśń', 'rozradować', 'stworzyciel', 'rozradować', 'światłość', 'rozradować', 'zbawiciel', 'rozradować', 'wywyższać', 'chcieć', 'alleluja', 'alleluja', 'alleluja', 'alleluja']"
Laudato si,"['wielbić', 'dusza', 'radować', 'duch', 'bóg', 'zbawiciel', 'wejrzeć', 'uniżyć', 'swój', 'służebnica', 'odtąd', 'błogosławić', 'wszystek', 'pokolenie', 'wielki', 'rzecz', 'uczynić', 'wszechmocny', 'imię', 'święty', 'miłosierdzie', 'pokolenie', 'pokolenie', 'bać', 'okazać', 'moc', 'swój', 'ramię', 'rozproszyć', 'pysznić', 'zamysł', 'serce', 'swój', 'strącić', 'władca', 'tron', 'wywyższyć', 'pokorny', 'głodny', 'nasycić', 'dobro', 'bogaty', 'odprawić', 'ująć', 'swój', 'sługa', 'izrael', 'pomny', 'swój', 'miłosierdzie', 'obiecać', 'ojciec', 'abraham', 'potomstwo', 'wiek', 'chwała', 'ojciec', 'syn', 'duch', 'święty', 'początek', 'wiek', 'wiek', 'amen']"
Maryjo śliczna Pani,"['wielbić', 'chcieć', 'radosny', 'śpiewać', 'pieśń', 'wielbić', 'chcieć', 'źródło', 'życie']"
Matko która nas znasz,"['serce', 'czekać', 'ewangelia', 'serce', 'czekać', 'wciąż', 'napełnić', 'serce', 'kosztowny', 'nasienie', 'zobaczyć', 'bóg', 'poprowadzić', 'człowiek', 'serce', 'czekać', 'ewangelia', 'serce', 'czekać', 'wciąż', 'zobaczyć', 'bóg', 'poprowadzić', 'człowiek', 'móc', 'zaprowadzić', 'chrystus']"
"Memu Bogu, Królowi","['wierzyć', 'obmyć', 'wino', 'wierzyć', 'człowiek', 'stać', 'boży', 'syn', 'miłość', 'kazać', 'krzyż', 'plecy', 'brać', 'tabernakulum', 'zostać', 'trwać', 'przewodnik', 'wieczność', 'brama', 'przygarniać', 'siebie', 'tyś', 'życie', 'boś', 'żywy', 'bóg', 'tyś', 'droga', 'piękny', 'droga', 'tyś', 'prawda', 'oświecać', 'boś', 'odwieczny', 'syn', 'ojciec', 'wiedzieć', 'zatrwożyć', 'wśród', 'ciężki', 'burza', 'tyś', 'siła', 'moc', 'tyś', 'pokój', 'burzliwy', 'noc', 'tyś', 'ratunek', 'zagrażać', 'toń', 'słaby', 'ludzki', 'ręka', 'ująć', 'swój', 'dłoń', 'przejść', 'poprzez', 'świat', 'ciąg', 'życie', 'rok', 'zły', 'spotkać', 'bóg', 'ojciec', 'wiara', 'swój', 'dać', 'syn', 'bożyć', 'ufność', 'swój', 'mieć', 'duch', 'święty', 'bóg', 'serce', 'zstąpić', 'miłość', 'boży', 'ziarno', 'rzucić', 'serce', 'głąb', 'dusza', 'rozpalić', 'żar', 'siedmioraki', 'dar', 'dać', 'stać', 'boży', 'rola']"
Miłość Twa,"['chcieć', 'wywyższać', 'imię', 'chcieć', 'zaśpiewać', 'chwała', 'radować', 'przyjść', 'zbawić', 'niebo', 'zstąpić', 'chcieć', 'prowadzić', 'krzyż', 'zemrzeć', 'zapłacić', 'dług', 'grób', 'wstać', 'niebo', 'król', 'chcieć', 'wywyższać', 'imię']"
"Mój Jezu, mój Zbawco","['wszelki', 'chwała', 'wszelki', 'cześć', 'wszelki', 'moc', 'święty', 'ojciec', 'uwielbiać', 'drogi', 'jezus', 'zbawca', 'duch', 'święty', 'czekać', 'przyjść', 'zesłać', 'ogień']"
Mój Pan mocą moją jest,"['wszystek', 'człowiek', 'klaskać', 'dłoń', 'ziemia', 'śpiewać', 'śpiewać', 'wielki', 'radość', 'syjona', 'król', 'zstępować', 'niebo', 'niebo', 'nadejść', 'dzień', 'nadejść', 'dzień', 'zobaczyć', 'nadejść', 'dzień', 'nadejść', 'dzień', 'uwielbić', 'świat']"
Mój zbawiciel,"['wszystek', 'naród', 'klaskać', 'dłoń', 'wykrzykiwać', 'bóg', 'radosny', 'głos', 'najwyższy', 'król', 'ziemia', 'śpiewać', 'wszystek', 'naród', 'śpiewać', 'radosny', 'głos', 'śpiewać', 'król']"
Mów do mnie Panie,"['móc', 'umacniać', 'jezus', 'umacniać']"
Nasz Bóg jest potężny w mocy swej,"['wykrzykiwać', 'bóg', 'wykrzykiwać', 'król', 'klaskać', 'dłoń', 'hymn', 'śpiewać', 'najwyższy', 'straszliwy', 'król', 'ziemia', 'poddawać', 'naród', 'król', 'ziemia', 'lud', 'rzucać', 'stopa', 'król', 'ziemia', 'bóg', 'abraham', 'wykrzykiwać', 'bóg', 'wykrzykiwać', 'król', 'klaskać', 'dłoń', 'hymn', 'śpiewać', 'wybrać', 'dziedzictwo', 'król', 'ziemia', 'miłować', 'król', 'ziemia', 'śpiewać', 'śpiewać', 'król', 'ziemia', 'bóg', 'abraham', 'izaak', 'jakub', 'wykrzykiwać', 'bóg', 'wykrzykiwać', 'król', 'klaskać', 'dłoń', 'hymn', 'śpiewać', 'zasiadać', 'tron', 'król', 'ziemia', 'możny', 'świat', 'hołd', 'złożyć', 'król', 'ziemia', 'należeć', 'król', 'ziemia', 'bóg', 'abraham', 'izaak', 'jakub']"
Nasz Bóg jest wielki,"['wykrzykiwać', 'cześć', 'wszystek', 'ziemia', 'wśród', 'okrzyk', 'radość', 'wysławiać', 'wiedzieć', 'bóg', 'stworzyć', 'lud', 'własność', 'wykrzykiwać', 'cześć', 'wszystek', 'ziemia', 'wśród', 'okrzyk', 'radość', 'wysławiać', 'brama', 'wstępować', 'dziękczynienie', 'wśród', 'hymn', 'przedsionek', 'błogosławić', 'imię', 'chwalić', 'wykrzykiwać', 'cześć', 'wszystek', 'ziemia', 'wśród', 'okrzyk', 'radość', 'wysławiać', 'dobry', 'łaskawość', 'wiek', 'dobry', 'wierność', 'pokolenie']"
Nic nie musisz mówić nic,"['wzywać', 'duch', 'przyjść', 'czekać', 'wciąż', 'byś', 'dotknąć', 'wołać', 'przyjść', 'jezu', 'zbawca', 'dziecko', 'spragniony', 'ziemia', 'rosa', 'dusza', 'mieć', 'móc', 'wypełnić', 'serce', 'głód', 'serce', 'głód', 'głębia', 'morze', 'potęga', 'wóda', 'bóg', 'móc', 'miłość', 'żyć', 'chcieć', 'żyć', 'spragniony', 'ziemia', 'rosa', 'dusza', 'mieć', 'móc', 'wypełnić', 'serce', 'głód', 'serce', 'głód']"
Nie bój się (Zostań tu),"['zaprowadzić', 'powrót', 'mieć', 'ustawać', 'wiara', 'spełniać', 'nadzieja', 'światłość', 'pachnąć', 'skrawek', 'niebo', 'swój', 'obraz', 'miłość', 'wylewać']"
"Nie bój się, wypłyń na głębię","['bać', 'powiedzieć', 'strach', 'żyć', 'świat', 'zaufać', 'uwierzyć', 'powiedzieć', 'wierzyć', 'zaufać', 'zaufać', 'zaufać', 'mieć', 'kochać', 'powiedzieć', 'ranić', 'brat', 'zaufać', 'dobry', 'powiedzieć', 'świat', 'zły', 'zaufać', 'zaufać', 'zaufać', 'mieć', 'walczyć', 'powiedzieć', 'silny', 'woli', 'brak', 'zaufać', 'pokonać', 'własny', 'grzech', 'pokus', 'tyle', 'zaufać', 'zaufać', 'zaufać', 'cieszyć', 'powiedzieć', 'płynąć', 'gorzki', 'łza', 'zaufać', 'ład', 'siebie', 'dojść', 'siebie', 'mieć', 'zaufać', 'zaufać', 'zaufać', 'zbłądzić', 'powiedzieć', 'wiedzieć', 'iść', 'zaufać', 'nadzieja', 'serce', 'mieć', 'walić', 'zaufać', 'zaufać', 'zaufać']"
Nie ma za trudnych spraw (Zanim powiem słowo),"['dziecko', 'potrzebować', 'miłość', 'trwać', 'dobroć', 'nieskończony', 'łaska', 'nadzieja', 'wybawienie', 'zbawca', 'poruszać', 'góra', 'bóg', 'mieć', 'zbawienie', 'moc', 'mieć', 'zbawienie', 'moc', 'sprawca', 'odkupienie', 'zmartwychwstać', 'pokonać', 'śmierć', 'jezus', 'zwyciężyć', 'śmierć', 'wziąć', 'grzech', 'lęk', 'wypełnić', 'życie', 'oddawać', 'serce', 'wierzyć', 'oddawać', 'zbawca', 'poruszać', 'góra', 'bóg', 'mieć', 'zbawienie', 'moc', 'mieć', 'zbawienie', 'moc', 'sprawca', 'odkupienie', 'zmartwychwstać', 'pokonać', 'śmierć', 'jezus', 'zwyciężyć', 'śmierć', 'zesłać', 'światło', 'niechaj', 'ujrzeć', 'świat', 'chwała', 'roztaczać', 'zmartwychwstały', 'jezus', 'zbawca', 'poruszać', 'góra', 'bóg', 'mieć', 'zbawienie', 'moc', 'mieć', 'zbawienie', 'moc', 'sprawca', 'odkupienie', 'zmartwychwstać', 'pokonać', 'śmierć', 'jezus', 'zwyciężyć', 'śmierć']"
Nie zabraknie mi nigdy chleba,"['chleb', 'cichy', 'otulić', 'swój', 'milczenie', 'ukryć', 'swój', 'biel', 'wchłonąć', 'ciemność', 'przemienić', 'siebie', 'stać', 'chleb', 'pobłogosławić', 'połamać', 'rozdać', 'łaknąć', 'brat', 'chleb', 'cichy', 'otulić', 'swój', 'milczenie', 'ukryć', 'swój', 'biel', 'wchłonąć', 'ciemność', 'ułomek', 'chleb', 'zostać', 'rozdać', 'wierzyć', 'swój', 'głód']"
Niech oblicze Twe,"['ziemia', 'dawać', 'fikcja', 'bajka', 'wolność', 'mieć', 'prawdziwy', 'wszystek', 'góra', 'droga', 'musieć', 'ustąpić', 'wiara', 'góra', 'przenosić', 'wierzyć', 'tańczyć', 'tron', 'oddać', 'chwała', 'zamknąć', 'ustęp', 'mur', 'ściana', 'duży', 'tama', 'zatrzymać', 'duży', 'duży', 'umacniać', 'goliat', 'móc', 'równać', 'tańczyć', 'tron', 'oddać', 'chwała', 'zamknąć', 'ustęp', 'mur', 'ściana', 'duży', 'tama', 'zatrzymać']"
Niech Twój święty duch (i niech spłynie),"['zmartwychwstać', 'żyć', 'blask', 'jaśnieć', 'noc', 'umrzeć', 'żyć', 'okazać', 'swój', 'moc', 'krzyż', 'brama', 'chcieć', 'wejść', 'zbliżyć', 'ołtarz', 'bóg', 'oddać', 'cześć', 'dzięki', 'składać', 'wielki', 'łaska', 'grób', 'powstać', 'noc', 'pełny', 'blask', 'chcieć', 'dziękować', 'chcieć', 'błogosławić', 'jezus', 'bóg', 'przyjść', 'zbawić', 'zmartwychwstać', 'żyć', 'blask', 'jaśnieć', 'noc', 'umrzeć', 'żyć', 'okazać', 'swój', 'moc', 'krzyż', 'brama', 'chcieć', 'wejść', 'zbliżyć', 'ołtarz', 'bóg', 'oddać', 'cześć', 'uciec', 'zaufać', 'książę', 'moc', 'pieśń', 'podtrzymać', 'popchnąć', 'bać', 'móc', 'zrobić', 'śmierć', 'lękać', 'śpiewać', 'chwała', 'pieśń', 'zmartwychwstać', 'żyć', 'blask', 'jaśnieć', 'noc', 'umrzeć', 'żyć', 'okazać', 'swój', 'moc', 'krzyż', 'brama', 'chcieć', 'wejść', 'zbliżyć', 'ołtarz', 'bóg', 'oddać', 'cześć', 'odrzucić', 'stać', 'kamień', 'węgielny', 'wysłuchać', 'zbawienie', 'cudem', 'stawać', 'noc', 'dzień', 'przemienić', 'tańczyć', 'prawica', 'pańska', 'wznieść', 'zmartwychwstać', 'żyć', 'blask', 'jaśnieć', 'noc', 'umrzeć', 'żyć', 'okazać', 'swój', 'moc', 'krzyż', 'brama', 'chcieć', 'wejść', 'zbliżyć', 'ołtarz', 'bóg', 'oddać', 'cześć']"
Niechaj Cię Panie,"['łaskawość', 'sięgać', 'niebo', 'wierność', 'obłok']"
Niechaj miłość Twa,"['łaska', 'zbawić', 'łaska', 'móc', 'stać', 'łaska', 'usprawiedliwić', 'baranek', 'krew', 'wzywać', 'siebie', 'niebo', 'tron', 'łaska', 'obdarzyć', 'tonąć', 'składać', 'hołd', 'składać', 'hołd']"
Niechaj zstąpi Duch Twój,"['święty', 'imię', 'jezus', 'święty', 'imię', 'jezus', 'usta', 'serce', 'moc', 'duch', 'uwielbiać', 'mieć', 'zbawienie', 'dać', 'człowiek', 'imię', 'zbawienie']"
Niepojęta łaska,"['święty', 'święty', 'święty', 'święty', 'święty', 'święty', 'święty', 'święty', 'święty', 'bóg', 'król', 'otwierać', 'serce', 'swój', 'podnosić', 'ręka', 'swój', 'król', 'wejść', 'rozgościć']"
"Niepojęty, niezmierzony","['chrystus', 'karmić', 'swój', 'święty', 'ciało', 'chwalić', 'wiek', 'duch', 'wielbić', 'bóg', 'zbawca', 'jedyny', 'odnajdować', 'wszystek', 'radość', 'życie', 'chrystus', 'karmić', 'swój', 'święty', 'ciało', 'chwalić', 'wiek', 'wielbić', 'chcieć', 'wejrzeć', 'niebo', 'swój', 'sługa', 'uniżony', 'odtąd', 'wszystek', 'człowiek', 'móc', 'zwać', 'błogosławiony', 'chrystus', 'karmić', 'swój', 'święty', 'ciało', 'chwalić', 'wiek', 'sprawić', 'wielki', 'dzieło', 'swój', 'dobroć', 'niepojęty', 'wszechmocny', 'duży', 'święty', 'chrystus', 'karmić', 'swój', 'święty', 'ciało', 'chwalić', 'wiek', 'pokolenie', 'pozostawać', 'miłosierny', 'wobec', 'służyć', 'chcieć', 'zostać', 'wierny', 'chrystus', 'karmić', 'swój', 'święty', 'ciało', 'chwalić', 'wiek', 'swój', 'moc', 'objawiać', 'wyniosłość', 'serce', 'uniżać', 'zamiar', 'móc', 'zburzyć', 'pycha', 'ubliżać', 'chrystus', 'karmić', 'swój', 'święty', 'ciało', 'chwalić', 'wiek', 'moc', 'odjąć', 'władza', 'wydźwignąć', 'pokorny', 'wszystek', 'głodny', 'zaspokoić', 'głód', 'wstrząsnąć', 'bogaty', 'chrystus', 'karmić', 'swój', 'święty', 'ciało', 'chwalić', 'wiek', 'ująć', 'swój', 'lud', 'dziecko', 'wiara', 'abraham', 'pomny', 'swój', 'miłosierdzie', 'obietnica', 'swój', 'złamać']"
O Panie Ty nam dajesz,"['alleluja', 'alleluja', 'amen', 'amen', 'alleluja', 'pokłonić', 'pokłonić', 'amen', 'amen', 'alleluja', 'alleluja', 'alleluja', 'amen', 'amen', 'alleluja', 'jezus', 'chrystus', 'zmartwychwstać', 'jezus', 'chrystus', 'zmartwychwstać', 'amen', 'amen', 'alleluja', 'alleluja', 'alleluja', 'amen', 'amen', 'alleluja', 'radować', 'brat', 'radować', 'amen', 'amen', 'alleluja', 'alleluja', 'alleluja', 'amen', 'amen', 'alleluja', 'posyłać', 'duch', 'posyłać', 'duch', 'amen', 'amen', 'alleluja']"
O piękności niestworzona,"['chrystus', 'pan', 'boży', 'syn', 'zbawca', 'zgodzić', 'wziąć', 'grzech', 'umrzeć', 'chcieć', 'ażebym', 'znać', 'ogrom', 'wina', 'wiedzieć', 'krew', 'zbawiać', 'oczyszczać', 'leczyć', 'wywyższyć', 'bądź', 'jezus', 'baranek', 'tyś', 'jedyny', 'odkupiciel', 'tyś', 'król', 'wywyższyć', 'bądź', 'boży', 'baranek', 'tron', 'wysoki', 'składać', 'hołd']"
"O stworzycielu, Duchu przyjdź","['któż', 'bóg', 'wzniosły', 'tron', 'góry', 'chylić', 'ocean', 'grzmieć', 'dawać', 'hołd', 'chwal', 'adonai', 'odkąd', 'słońce', 'budzić', 'zakończyć', 'dzień', 'chwal', 'adonai', 'wszystek', 'człowiek', 'czcić', 'anioł', 'wielbić']"
O wychwalajcie Go,"['chwalić', 'niebiosa', 'chwalić', 'cytra', 'chwalić', 'król', 'świat', 'bóg', 'chwal', 'dusza', 'król', 'chcieć', 'chwalić', 'długo', 'żyć', 'chcieć', 'śpiewać', 'bóg', 'póki', 'istnieć', 'chcieć', 'wysławiać', 'śpiewać', 'alleluja', 'chwalić', 'niebiosa', 'chwalić', 'cytra', 'chwalić', 'król', 'świat', 'bóg', 'szczęśliwy', 'pomoc', 'mieć', 'nadzieja', 'bóg', 'swój', 'bóg', 'stworzyć', 'niebo', 'ziemia', 'żyć', 'śpiewać', 'alleluja', 'chwalić', 'niebiosa', 'chwalić', 'cytra', 'chwalić', 'król', 'świat', 'bóg', 'bóg', 'królować', 'weselić', 'ziemia', 'bóg', 'syjona', 'pokolenie', 'dać', 'życie', 'dać', 'śpiewać', 'wysławiać', 'alleluja']"
Oczekuję Ciebie Panie,"['chwalić', 'łąka', 'umaić', 'góra', 'dolina', 'zielony', 'chwalić', 'cienisty', 'gaik', 'źródło', 'kręty', 'strumyk', 'igrać', 'morze', 'fala', 'powietrze', 'bujać', 'skrzydło', 'chwalić', 'świat', 'dłoń', 'wieniec', 'splatać', 'dzieło', 'boski', 'korona', 'anioła', 'wywyższyć', 'niebo', 'ziemia', 'gardzić', 'dar', 'wdzięczny', 'strumyk', 'mruczeć', 'ptaszę', 'słodki', 'kwilić', 'czuć', 'żyć', 'sławić', 'maryja']"
Oczyść serce me,"['chwalić', 'uwielbiać', 'wznosić', 'góra', 'swój', 'ręka', 'uwielbiać', 'imię', 'wielkiś', 'wielki', 'dzieło', 'czynić', 'dorównać', 'nikt', 'dorównać', 'nikt']"
Oddajmy cześć,"['chwała', 'bóg', 'ojciec', 'chwała', 'syn', 'chwała', 'duch', 'tworzyć', 'śpiewać', 'alleluja', 'alleluja', 'alleluja']"
Odnów mnie,"['dusza', 'pragnąć', 'tęsknota', 'oczekiwać', 'spękać', 'zeschnąć', 'ziemia', 'czas', 'posucha', 'woda', 'łaknąć', 'bóg', 'bóg', 'troska', 'szukać', 'świątynia', 'ujrzeć', 'pragnąć', 'potęga', 'moc', 'chwała', 'miłość', 'cenić', 'niźli', 'życie', 'bóg', 'bóg', 'troska', 'szukać', 'póki', 'istnieć', 'pragnąć', 'chwalić', 'bóg', 'dusza', 'pełny', 'szczęście', 'śpiewać', 'radość', 'bóg', 'bóg', 'troska', 'szukać', 'wspomożyciel', 'cień', 'skrzydło', 'dawać', 'radość', 'serce', 'lgnąć', 'prawica', 'prowadzić', 'bóg', 'bóg', 'troska', 'szukać']"
Ofiaruję Tobie,"['wołać', 'dusza', 'tęsknić', 'ciało', 'mieć', 'serce', 'ogarniać', 'lęk', 'przyjść', 'dotknąć', 'rozradować', 'jezus', 'pragnąć', 'blisko', 'jezus', 'ramię', 'skryć', 'słodycz', 'poznawać', 'dzień', 'serce', 'trwać']"
Oto ja poślij mnie,"['wrócić', 'zbawić', 'ziemia', 'jam', 'bóg', 'jedyny', 'przyjść', 'zbawić', 'przyjść', 'bóg', 'jedyny']"
Oto jest dzień,"['dobry', 'ufny', 'dusza', 'szukać', 'wołać', 'serce', 'łza', 'płynąć', 'rzeka', 'powstanie', 'wołać', 'noc', 'woda', 'wylewać', 'swój', 'serce', 'dobry', 'ufny', 'dusza', 'szukać', 'zamiar', 'bóg', 'odtrącić', 'wiek', 'udręczyć', 'zlitować', 'niezmierny', 'swój', 'dobroć', 'wzywać', 'imię', 'otchłań', 'grób', 'rzec', 'bać', 'powstać', 'dobry', 'ufny', 'dusza', 'szukać', 'wspomnieć', 'spotkać', 'spojrzeć', 'przypatrzyć', 'hańba', 'sługa', 'panować', 'ocalić', 'ręka', 'nawrócić', 'wrócić']"
Oto stoję u drzwi,"['archanioł', 'boży', 'gabryjel', 'posłan', 'panna', 'maryja', 'majestat', 'trójca', 'święty', 'sprawować', 'poselstwo', 'k', 'zdrowaś', 'panna', 'łaskiś', 'pełny', 'rzecz', 'pewny', 'panna', 'wielce', 'zdumiały', 'poselstwo', 'słyszeć', 'pokorniuchno', 'skłonić', 'panna', 'świątobliwy', 'zasmucić', 'mowa', 'rzec', 'anioł', 'poseł', 'wysokość', 'napełnion', 'boski', 'mądrość', 'rzec', 'bać', 'maryja', 'najszczęśliwszaś', 'panna', 'miły', 'nalazłaś', 'łaska', 'począć', 'syn', 'jezus', 'nazwać', 'imię', 'syn', 'najwyższy', 'wielki', 'strona', 'człowieczeństwo', 'niezmierny', 'strona', 'bóstwo', 'wieczny', 'syn', 'ojciec', 'wieczny', 'zbawiciel', 'świat', 'bóg', 'ojciec', 'wszechmocny', 'syn', 'miły', 'duch', 'święty', 'bóg', 'trójca', 'jedyny', 'dziękować', 'uniżność', 'cud', 'miłość']"
Otwórz me oczy o Panie,"['dotknąć', 'oko', 'abym', 'przejrzeć', 'dotknąć', 'warga', 'abym', 'przemówić', 'uwielbienie', 'dotknąć', 'serce', 'oczyścić', 'święty', 'duch', 'ogarniać']"
Oświeć drogę mą,"['duch', 'miłość', 'wylewać', 'przebić', 'serce', 'jezus', 'jezus']"
Pa-a-an jest pasterzem moim,"['duch', 'święty', 'przyjść', 'rozpalić', 'utulić', 'miłość', 'dać']"
Pan - jest moim pasterzem,"['duch', 'święty', 'ogarnąć', 'otworzyć', 'oko', 'serce', 'napełnić', 'miłość', 'duch', 'święty', 'kochać', 'święty', 'wola', 'pełnić']"
Pan blisko jest,"['duch', 'święty', 'powiać', 'wiatr', 'moc', 'zstąpić', 'bądź', 'miłość', 'serce', 'światło', 'ogarnąć', 'dać', 'nowy', 'oko', 'zesłać', 'swój', 'ogień', 'jedność', 'dać', 'cztery', 'wiatr', 'przybyć', 'duch', 'powiać', 'moc', 'ożywić', 'bądź', 'wolność', 'serce', 'życie', 'wypełnić', 'dać', 'nowy', 'oko', 'zesłać', 'swój', 'ogień', 'jedność', 'dać']"
Pan mnie strzeże,"['duch', 'święty', 'przyjść', 'wiara', 'zagościć', 'nadzieja', 'zagościć', 'miłość', 'zagościć']"
Pan wywyższony,"['duch', 'święty', 'cudowny', 'wiatr', 'wkoło', 'odchodzić']"
Panie dobry jak chleb,"['dusza', 'mieć', 'chwalić', 'oddać', 'bóg', 'cześć', 'święty', 'śpiewać', 'pieśń', 'moc', 'wywyższać', 'dusza', 'mieć', 'uwielbiać', 'bóg', 'nowy', 'dzień', 'wraz', 'wschód', 'słońce', 'nadejść', 'czas', 'śpiewać', 'pieśń', 'wiedzieć', 'śpiewać', 'nadejść', 'zmrok', 'dusza', 'mieć', 'chwalić', 'oddać', 'bóg', 'cześć', 'święty', 'śpiewać', 'pieśń', 'moc', 'wywyższać', 'dusza', 'mieć', 'uwielbiać', 'bóg', 'bogaty', 'miłość', 'gniew', 'oddalać', 'serce', 'miły', 'wielki', 'imię', 'wzgląd', 'dobroć', 'śpiewać', 'pieśń', 'powód', 'uwielbiać', 'dusza', 'mieć', 'chwalić', 'oddać', 'bóg', 'cześć', 'święty', 'śpiewać', 'pieśń', 'moc', 'wywyższać', 'dusza', 'mieć', 'uwielbiać', 'bóg', 'przyjść', 'dzień', 'siła', 'zostać', 'nadejść', 'czas', 'koniec', 'dusza', 'mieć', 'uwielbiać', 'wieczność', 'piękny', 'zabrzmieć', 'pieśń']"
Panie mój przychodzę dziś,"['dzielić', 'wiara', 'chleb', 'dać', 'świadectwo', 'nadzieja', 'bóg', 'ofiarować', 'siebie', 'mieć', 'człowiek', 'dzielić', 'chleb', 'zabraknąć', 'rozmnoża', 'łamanie', 'potrzeba', 'ręka', 'gotowość', 'dawanie', 'dzielić', 'wiara', 'chleb', 'dać', 'świadectwo', 'nadzieja', 'bóg', 'ofiarować', 'siebie', 'mieć', 'człowiek', 'dzielić', 'nikt', 'zapalać', 'lampa', 'schować', 'korzec', 'skoro', 'bóg', 'światło', 'natchnąć', 'światło', 'iść', 'droga', 'dzielić', 'wiara', 'chleb', 'dać', 'świadectwo', 'nadzieja', 'bóg', 'ofiarować', 'siebie', 'mieć', 'człowiek', 'dzielić', 'odrzucić', 'zwątpienie', 'trwoga', 'świat', 'śmiać', 'prorok', 'musieć', 'świadczyć', 'odważnie', 'służba', 'człowiek', 'bóg']"
Panie pozostań,"['dzięki', 'pan', 'składać', 'dzięki', 'wszechmogący', 'król', 'niebo', 'dać', 'wiara', 'dać', 'miłość', 'dzięki', 'składać', 'dzięki', 'wszechmogący', 'król', 'niebo', 'dać', 'siebie', 'przebaczać', 'grzech', 'dzięki', 'składać', 'dzięki', 'wszechmogący', 'król', 'niebo', 'przywracać', 'życie', 'dzięki', 'składać', 'dzięki', 'wszechmogący', 'król', 'niebo', 'śpiewać', 'radość', 'zmartwychwstać', 'dzięki', 'składać', 'dzięki', 'wszechmogący', 'król', 'niebo', 'żeś', 'duch', 'zesłać']"
Panu chwała i cześć,"['blisko', 'blisko', 'blisko', 'blisko', 'czuć', 'tchnienie', 'przychodzić', 'dotykać', 'łaska', 'przebaczenie', 'karmić', 'dusza']"
Pewnej nocy łzy,"['kiedyś', 'powrócić', 'abyśmy', 'kiedyś', 'powrócić', 'święcić', 'swój', 'opuścić', 'grób', 'abyśmy', 'kiedyś', 'powrócić', 'bóg', 'tron', 'otoczyć', 'krąg', 'abyśmy', 'kiedyś', 'powrócić', 'księga', 'swój', 'otworzyć', 'bóg', 'abyśmy', 'kiedyś', 'powrócić', 'imię', 'wezwać', 'abyśmy', 'kiedyś', 'powrócić', 'uczta', 'zgotować', 'bóg', 'abyśmy', 'kiedyś', 'powrócić', 'zabrzmieć', 'pieśń', 'alleluja', 'abyśmy', 'kiedyś', 'powrócić']"
Podnieś mnie Jezu,"['klęczeć', 'modlić', 'składać', 'hołd', 'wziąć', 'dzień', 'uczynić', 'swój', 'i', 'miłość', 'wzniecić', 'ave', 'maria', 'gratia', 'plenum', 'dominus', 'tecum', 'benedicta', 'dawać', 'sen', 'myśl', 'matka', 'bóg', 'matka', 'wznieść', 'boży', 'tron', 'ave', 'maria', 'gratia', 'plenum', 'dominus', 'tecum', 'benedicta', 'klęczeć', 'widzieć', 'radosny', 'twarz', 'myśl', 'słowo', 'spocząć', 'dłoń', 'ave', 'maria', 'gratia', 'plenum', 'dominus', 'tecum', 'benedicta']"
Pokój Wam nie bójcie się,"['schodzić', 'święty', 'duch', 'działać', 'schodzić', 'sławić', 'imię', 'wiedzieć', 'serce', 'otwarty', 'błogosławić', 'moc', 'swój', 'błogosławić', 'boś', 'obiecać', 'błogosławić', 'moc', 'swój']"
Pomódl się Miriam,"['gloria', 'in', 'excelsis', 'deo', 'gloria', 'gloria', 'chwalić', 'błogosławić', 'wielbić', 'wysławiać', 'dzięki', 'składać', 'wielki', 'chwała', 'bóg', 'król', 'niebo', 'bóg', 'ojciec', 'wszechmogący', 'syn', 'jednorodzony', 'jezu', 'chrystus', 'jezus', 'chrystus', 'jezus', 'chrystus', 'gloria', 'in', 'excelsis', 'deo', 'gloria', 'gloria', 'bóg', 'baranek', 'boży', 'syn', 'ojciec', 'gładzić', 'grzech', 'świat', 'zmiłować', 'gładzić', 'grzech', 'świat', 'przyjm', 'błaganie', 'siedzieć', 'prawica', 'ojciec', 'zmiłować', 'tyś', 'święty', 'tylko', 'tyś', 'tyś', 'wysoki', 'jezu', 'chryste', 'duch', 'święty', 'chwała', 'bóg', 'ojciec', 'amen', 'amen', 'amen', 'amen', 'amen']"
Powietrzem moim jest,"['godny', 'godny', 'bóg', 'siedzieć', 'tron', 'baranek', 'wśród', 'chwała', 'przyjąć', 'wdzięczność', 'siła', 'moc', 'błogosławieństwo', 'cześć', 'wiek', 'wiek', 'amen', 'niezmiernie', 'wciąż', 'trwać', 'jedność', 'prawda', 'oddawać', 'hołd', 'miłość', 'wdzięczność', 'siła', 'moc', 'błogosławieństwo', 'cześć', 'wiek', 'wiek', 'amen']"
Prawda jedyna,"['gwiazda', 'zaranny', 'oblec', 'słońce', 'modlić', 'chwała', 'ikona', 'dziewica', 'posłuszny', 'modlić', 'gwiazda', 'przewodnia', 'służebnica', 'pański', 'modlić', 'matka', 'żyć', 'początek', 'kościół', 'modlić', 'bogarodzica', 'córa', 'syn', 'modlić', 'znak', 'nadzieja', 'mieszkanie', 'mądrość', 'modlić']"
Przed obliczem Pana uniżmy się,"['iść', 'pokój', 'bóg', 'izrael', 'spełnić', 'prośba', 'zanieść']"
Przed Tronem Twym,"['wierzyć', 'jezus', 'wierzyć', 'syn', 'bóg', 'zemrzeć', 'powstać', 'żyć', 'cena', 'śmierć', 'życie', 'dać', 'ref', 'wierzyć', 'stać', 'pośród', 'mieć', 'moc', 'uzdrawiać', 'mieć', 'przebaczenie', 'dar', 'wierzyć', 'wierzyć', 'tyś', 'syn', 'bóg', 'zemrzeć', 'powstać', 'żyć', 'cena', 'śmierć', 'życie', 'dać', 'refwierzę', 'stać', 'pośród', 'mieć', 'moc', 'uzdrawiać', 'mieć', 'przebaczenie', 'dar']"
Przychodzisz Panie,"['dawid', 'bóg', 'tańczyć', 'wszystek', 'siła', 'król', 'miriam', 'grać', 'bęben', 'swój', 'klaskać', 'wszystek', 'siła', 'król', 'pokłonić', 'bóg', 'oddać', 'cześć', 'wielbić', 'imię', 'jezus', 'śpiewać', 'pieśń']"
Przyjaciela mam,"['dziękować', 'śpiewać', 'psalm', 'imię', 'opowiadać', 'rano', 'miłosierdzie', 'noc', 'wierność', 'dziesięciostrunnej', 'harfa', 'lutnia', 'dźwięczny', 'cytra']"
Przyjacielu,"['góra', 'móc', 'ustąpić', 'pagórek', 'zachwiać', 'miłość', 'miłość', 'odstąpić', 'mówić']"
Przyjdź jak deszcz,"['ożywczy', 'deszcz', 'duch', 'święty', 'przyjść', 'dotknąć', 'serce', 'rozpalić', 'ogień', 'żar', 'przenikać', 'tchnienie', 'moc', 'swój', 'bądź', 'światło', 'dzień', 'nadzieja', 'serce', 'przenikać', 'tchnienie', 'moc', 'swój', 'bądź', 'światło', 'dzień', 'nadzieja', 'serce']"
"Przywołaj mnie, Panie","['król', 'odziać', 'majestat', 'swój', 'ziemia', 'radować', 'ziemia', 'radować', 'okrywać', 'światłość', 'uciekać', 'ciemność', 'zło', 'drżeć', 'głos', 'drżeć', 'głos', 'wielki', 'bóg', 'wielki', 'bóg', 'wielki', 'bóg', 'czas', 'swój', 'dłoń', 'mieć', 'wiek', 'wiek', 'trwać', 'początek', 'koniec', 'początek', 'koniec', 'jedyny', 'trójca', 'bóg', 'ojciec', 'syn', 'duch', 'baranek', 'lew', 'baranek', 'lew', 'wielki', 'bóg', 'wielki', 'bóg', 'wielki', 'bóg', 'wiek', 'godny', 'przyjąć', 'chwała', 'moc', 'cześć', 'ogłaszać', 'chcieć', 'wielki', 'bóg', 'wielki', 'bóg', 'wielki', 'bóg', 'wielki', 'bóg']"
Raduje się Dusza ma,"['chleb', 'zmieniać', 'chrystus', 'ciało', 'ziarno', 'pszeniczny', 'rodzić', 'wino', 'krew', 'chrystus', 'stać', 'sok', 'winny', 'grono', 'pochodzić', 'chleb', 'złączyć', 'złoty', 'ziarno', 'miłość', 'łączyć', 'ofiarny', 'kielich', 'łączyć', 'kropla', 'chryste', 'swój', 'złączyć', 'kościół', 'pasterz', 'zgromadzić', 'swój', 'owczarnia', 'zabłąkać', 'owca', 'ginąć', 'kościół', 'zebrać', 'nowo', 'przygarnąć', 'byśmy', 'stać', 'rodzina', 'chleb', 'złączyć', 'złoty', 'ziarno', 'miłość', 'łączyć', 'ofiarny', 'kielich', 'łączyć', 'kropla', 'chryste', 'swój', 'złączyć', 'kościół', 'ramię', 'swój', 'wziąć', 'pan', 'wrócić', 'móc', 'niechaj', 'zjednoczenie', 'cud', 'stać', 'prowadzić', 'niebo', 'wspólny', 'droga', 'chleb', 'złączyć', 'złoty', 'ziarno', 'miłość', 'łączyć', 'ofiarny', 'kielich', 'łączyć', 'kropla', 'chryste', 'swój', 'złączyć', 'kościół']"
Rozpięty na ramionach,"['dom', 'klęknąć', 'wchodzić', 'razem', 'chwalić', 'miejsce', 'wybrać', 'wysłuchać', 'śpiewać', 'wszystek', 'sługa', 'dom', 'bóg', 'oddać', 'cześć']"
Schowaj mnie,"['jedyny', 'prawdziwy', 'bóg', 'mieć', 'oddawać', 'jedyny', 'mieć', 'izrael']"
Serce wielkie nam daj,"['ciało', 'jednoczyć', 'duch', 'byśmy', 'razem', 'iść', 'usta', 'głosić', 'chwała', 'ręka', 'słowo', 'miecz', 'moc', 'odziać', 'iść', 'zdobywać', 'ziemia', 'lud', 'król', 'chwała', 'święty', 'naród', 'wybrany', 'pokolenie', 'objawiać', 'cześć', 'lud', 'król', 'chwała', 'święty', 'naród', 'wielbić', 'jezus', 'król', 'ziemia']"
"Spocznij na nas, Duchu Pana","['zakątek', 'ziemia', 'powracać', 'chcieć', 'królować', 'oblicze', 'cięty', 'rysa', 'wzrok', 'mieć', 'smutny', 'zatroskany', 'chcieć', 'prosić', 'byś', 'matczyny', 'opieka', 'oddać', 'madonna', 'czarny', 'madonna', 'dziecko', 'pozwolić', 'czarny', 'madonna', 'ramię', 'skryć', 'ramię', 'znaleźć', 'spokój', 'uchronić', 'zło', 'wszystek', 'swój', 'dziecko', 'serce', 'czuły', 'mieć', 'opieka', 'otoczyć', 'serce', 'oddać', 'swój', 'powtórzyć', 'radość', 'słowo', 'madonna', 'czarny', 'madonna', 'dziecko', 'pozwolić', 'czarny', 'madonna', 'ramię', 'skryć', 'wokół', 'niepokój', 'człowiek', 'schronić', 'mieć', 'mieć', 'pójść', 'matka', 'ukojenie', 'dać', 'błagać', 'madonna', 'skierować', 'wzrok', 'dziecko', 'swój', 'wysłuchać', 'śpiewać', 'prosić', 'madonna', 'czarny', 'madonna', 'dziecko', 'pozwolić', 'czarny', 'madonna', 'ramię', 'skryć']"
Stoisz u naszych drzwi,"['blisko', 'tęsknie', 'duch', 'kochać', 'krok', 'wiedzieć', 'pukać', 'drzwi', 'przychodzić', 'ciepły', 'wiatr', 'otwierać', 'czuć', 'miłość', 'ciepły', 'deszcz', 'miłość', 'morze', 'gwiazda', 'dzień', 'miłość', 'sprawiać', 'nieskończenie', 'dobry', 'święty', 'duch', 'ogarniać']"
Stoję dziś,"['król', 'król', 'król', 'bóg', 'podnieść', 'serce', 'podnieść', 'dłoń', 'stawać', 'oblicze', 'wielbić']"
Swojego Ducha Panie,"['życie', 'ruch', 'robić', 'jezus', 'pozwalać', 'wciąż', 'oddychać', 'drogi', 'krok', 'stawiać', 'jezus', 'pozwalać', 'wciąż', 'oddychać', 'fala', 'łaski', 'spojrzeć', 'wciąż', 'widzieć', 'miłość', 'uwieść', 'jezus', 'jakże', 'możliwy']"
Ta krew,"['śmierć', 'potężny', 'miłość', 'zazdrość', 'nieprzejednany', 'szeol', 'żar', 'żar', 'ogień', 'płomień', 'pański', 'woda', 'wielki', 'zdołać', 'ugasić', 'miłość', 'zatopić', 'zatopić', 'rzeka']"
Tak jest mało czasu (zabierzesz mnie),"['jezus', 'jezus', 'mówić', 'chcieć', 'dawać', 'swój', 'duch', 'uwielbiać']"
Tak mnie skrusz,"['jezus', 'tyś', 'światłość', 'dusza', 'ciemność', 'mieć', 'przemawiać', 'jezu', 'tyś', 'światłość', 'dusza', 'dać', 'moc', 'przyjąć', 'miłość']"
Tchnij moc,"['jezus', 'chrystus', 'alleluja', 'kochać', 'kochać', 'alleluja']"
Tobie chór Aniołów,"['jezus', 'chrystus', 'ziemia', 'król', 'jedyny', 'władca', 'naród', 'jedyny', 'bóg', 'imię', 'mieć', 'zbawienie', 'jezus', 'jezus', 'jezus', 'pan', 'alleluja', 'alleluja', 'alleluja']"
Twe światło jest na drodze mej,"['jezus', 'dawać', 'zbawienie', 'jezus', 'dawać', 'pokój', 'składać', 'dziękczynienie', 'chwała', 'serce', 'dam', 'jezus', 'siła', 'jezus', 'pieśń', 'życie', 'król', 'wieczny', 'niepojęty', 'moc', 'swój', 'znaleźć', 'szukać', 'podać', 'dłoń', 'zwyciężać', 'dzień', 'rano', 'uzdrowienie', 'śmierć', 'życie', 'dar', 'krew', 'oczyszczenie', 'życie', 'chwała', 'jezus', 'siła', 'jezus', 'pieśń', 'życie', 'król', 'wieczny', 'niepojęty', 'moc', 'swój', 'znaleźć', 'szukać', 'podać', 'dłoń', 'zwyciężać', 'dzień']"
Ty jesteś chlebem żywym,"['jezus', 'wysoki', 'imię', 'zbawiciel', 'książę', 'pokój', 'emmanuel', 'bóg', 'odkupiciel', 'słowo', 'żywot', 'święty', 'bóg', 'mesjasz', 'prawdziwy', 'jedyny', 'ojciec', 'syn', 'umiłowany', 'zgładzić', 'grzech', 'baranek', 'wiek', 'król', 'król']"
Ty jesteś dobry,"['jezus', 'jezus', 'święty', 'namaszczony', 'jezus', 'jezus', 'jezus', 'żyć', 'wywyższyć', 'jezus', 'imię', 'miód', 'usta', 'duch', 'woda', 'dusza', 'słowo', 'lampa', 'stopa', 'jezu', 'kochać', 'kochać']"
Ty jesteś skałą,"['kwitnąć', 'ogroda', 'królestwo']"
Ty tylko mnie poprowadź,"['dzień', 'upewniać', 'miłość', 'wierny', 'któż', 'móc', 'wybaczać', 'dzień', 'bóg', 'wiedzieć', 'ranić', 'często', 'słabnąć', 'gubić', 'sens', 'podnosić', 'nadzieja', 'dawać', 'nikt', 'odebrać', 'mieć', 'pełnić', 'miłość', 'pełnia', 'radość', 'pełnić', 'wolność', 'mieć', 'królestwo']"
Ty wskazałeś drogę do miłości,"['spragniony', 'słaby', 'przyjść', 'źródło', 'serce', 'obmyć', 'swój', 'ból', 'cierpienie', 'zanurzyć', 'swój', 'miłosierdzie', 'głębia', 'wołać', 'jezus', 'przyjść']"
Ty światłość dnia,"['bóg', 'łaska', 'miłość', 'przychodzić', 'wciąż', 'działać', 'moc', 'pośród', 'przenikać', 'serce', 'gładzić', 'grzech', 'chcieć', 'łaska', 'pragnąć', 'moc', 'miłość']"
"Tyś jest Bóg, wywyższamy Cię","['mieć', 'chwila', 'smutny', 'życie', 'powierza', 'matka', 'rozpacz', 'rozdzierać', 'serce', 'ofiarować', 'matka', 'krzyż', 'stać', 'matka', 'syn', 'żegnać', 'uczyć', 'pokora', 'cierpienie', 'znieść', 'pomóc', 'matka', 'krzyż', 'stać', 'matka', 'syn', 'żegnać', 'uczyć', 'pokora', 'cierpienie', 'znieść', 'pomóc', 'ruszyć', 'daleki', 'wędrówka', 'powierza', 'matka', 'szlak', 'zaskoczyć', 'burza', 'ofiarować', 'matka', 'krzyż', 'stać', 'matka', 'syn', 'żegnać', 'uczyć', 'pokora', 'cierpienie', 'znieść', 'pomóc', 'matka', 'krzyż', 'stać', 'matka', 'syn', 'żegnać', 'uczyć', 'pokora', 'cierpienie', 'znieść', 'pomóc', 'zgubić', 'swój', 'droga', 'bóg', 'powierzyć', 'matka', 'serce', 'gość', 'trwoga', 'ofiarować', 'matka', 'krzyż', 'stać', 'matka', 'syn', 'żegnać', 'uczyć', 'pokora', 'cierpienie', 'znieść', 'pomóc', 'matka', 'krzyż', 'stać', 'matka', 'syn', 'żegnać', 'uczyć', 'pokora', 'cierpienie', 'znieść', 'pomóc']"
Ubi Caritas (Tam gdzie miłość),"['jasny', 'spokojny', 'cichy', 'noc', 'spoglądać', 'niebo', 'pełny', 'gwiazda', 'myśleć', 'życie', 'mieć', 'sens', 'i', 'wołać', 'ojciec', 'bóg', 'bóg', 'pamiętać', 'czas', 'źle', 'wiedzieć', 'droga', 'kroczyć', 'chcieć', 'życie', 'pełny', 'rozczarowanie', 'grzech', 'kamień', 'potknąć', 'spokój', 'utonąć', 'fala', 'knować', 'drżeć', 'dusza', 'szukać', 'bóg', 'bóg', 'pamiętać', 'czas', 'źle', 'wiedzieć', 'droga', 'kroczyć', 'chcieć', 'życie', 'człowiek', 'przebiegać', 'kręty', 'droga', 'hen', 'góra', 'cel', 'wędrówka', 'tkwić', 'czas', 'siła', 'braknąć', 'noga', 'dojść', 'dojść', 'zaufać', 'bóg', 'bóg', 'pamiętać', 'czas', 'źle', 'wiedzieć', 'droga', 'kroczyć', 'chcieć']"
Ukaż mi Panie swą twarz,"['kiedyś', 'wino', 'chleb', 'ciało', 'krew', 'móc', 'wierzyć', 'naprawdę', 'dziać', 'ciągle', 'czekać', 'cud', 'niespokojny', 'duch', 'przypomnieć', 'cisza', 'blask', 'świeca', 'cud', 'duży', 'dziać', 'kiedyś', 'wino', 'chleb', 'ciało', 'krew', 'móc', 'wierzyć', 'naprawdę', 'dziać', 'wypatrywać', 'dzień', 'czekać', 'znak', 'przypomnieć', 'cisza', 'blask', 'świeca', 'cud', 'duży', 'dziać']"
Uwielbiajcie Pana ludzkich serc,"['kochać', 'musieć', 'bać', 'zabrać', 'strach', 'jezus', 'mówić', 'miłość', 'zabierać', 'strach', 'jezus', 'droga', 'jezus', 'prawda', 'jezus', 'życie', 'kochać', 'musieć', 'kryć', 'móc', 'siebie', 'jezus', 'mówić', 'miłość', 'zabierać', 'strach', 'jezus', 'droga', 'jezus', 'prawda', 'jezus', 'życie', 'jezus', 'dawać', 'miłość', 'swój', 'lękać', 'jezus', 'mówić', 'miłość', 'zabierać', 'strach', 'jezus', 'droga', 'jezus', 'prawda', 'jezus', 'życie']"
Uwielbiam Imię Twoje Panie,"['spożywać', 'ciało', 'krew', 'pić', 'trwać', 'żyć', 'wiek', 'chleb', 'żywy', 'zstąpić', 'niebo', 'chleb', 'spożywać', 'żyć', 'wiek']"
Uwielbiam Twoje Imię,"['spragniony', 'przyjść', 'pić', 'rzec', 'pismo', 'strumień', 'woda', 'żywy', 'popłynąć', 'wnętrze', 'pragnąć', 'dać', 'pić', 'zdrój', 'zbawienie']"
W cieniu Twoich rąk,"['laudato', 'si', 'signore', 'wysławiać', 'stworzyć', 'słońce', 'niebo', 'księżyc', 'wśród', 'noc', 'gwiazda', 'świecić', 'wiatr', 'gwałtowny', 'żywioła', 'wodny', 'ogień', 'gorący', 'laudato', 'si', 'signore', 'i', 'siostra', 'matka', 'ziemia', 'żywić', 'wychowywać', 'słodki', 'owoc', 'kwiat', 'zioło', 'szczyt', 'górski', 'morski', 'głębina', 'laudato', 'si', 'signore', 'chwalić', 'bóg', 'śpiewać', 'bóg', 'sens', 'życie', 'życie', 'piosenka']"
W swe ramiona,"['maryja', 'śliczny', 'matka', 'bóg', 'człowiek', 'ziemia', 'tyś', 'świat', 'królowa', 'tyś', 'gwiazda', 'niebo', 'wieść', 'jezus', 'wieczny', 'tron', 'maryja', 'ave', 'maryja', 'bóg', 'wybłagać', 'zdrój', 'łaska', 'świat', 'dobry', 'miłość', 'żyć', 'maryja', 'mieć', 'opieka', 'dziecko', 'swój', 'maryja', 'śliczny', 'świat', 'czuć', 'swój', 'usta', 'gorzki', 'łza', 'serce', 'ból', 'smutek', 'żal', 'oko', 'wciąż', 'strach', 'usłyszeć', 'błaganie', 'pomóc', 'maryja', 'ave', 'maryja', 'bóg', 'wybłagać', 'zdrój', 'łaska', 'świat', 'dobry', 'miłość', 'żyć', 'maryja', 'mieć', 'opieka', 'dziecko', 'swój']"
W swoim wielkim (Pieśń o nadziei),"['matka', 'znać', 'dziecko', 'bądź', 'droga', 'nadzieja', 'świecić', 'syn', 'iść', 'wszystek', 'niewiasta', 'wybrać', 'przyjść', 'droga', 'wskazać', 'córka', 'lud', 'boży', 'syn', 'prowadzić', 'służebnica', 'pokorny', 'pokój', 'świat', 'dać', 'matka', 'znać', 'dziecko', 'bądź', 'droga', 'nadzieja', 'świecić', 'syn', 'iść', 'królowa', 'ognisko', 'rodzinny', 'przyjść', 'droga', 'wskazać', 'dziewica', 'wzorać', 'prostota', 'syn', 'prowadzić', 'oblubienica', 'cieśla', 'pokój', 'świat', 'dać', 'matka', 'znać', 'dziecko', 'bądź', 'droga', 'nadzieja', 'świecić', 'syn', 'iść', 'królowa', 'naród', 'przyjść', 'droga', 'wskazać', 'uciśniony', 'nadzieja', 'syn', 'prowadzić', 'światło', 'łaknąć', 'prawda', 'pokój', 'świat', 'dać', 'matka', 'znać', 'dziecko', 'bądź', 'droga', 'nadzieja', 'świecić', 'syn', 'iść', 'pociecha', 'lud', 'biedny', 'przyjść', 'droga', 'wskazać', 'wszelki', 'radość', 'syn', 'prowadzić', 'matka', 'tkliwy', 'serce', 'pokój', 'świat', 'dać', 'matka', 'znać', 'dziecko', 'bądź', 'droga', 'nadzieja', 'świecić', 'syn', 'iść', 'dziewica', 'matka', 'chrystus', 'przyjść', 'droga', 'wskazać', 'dziewica', 'matka', 'kościół', 'syn', 'prowadzić', 'dziewica', 'matka', 'człowiek', 'pokój', 'świat', 'dać', 'matka', 'znać', 'dziecko', 'bądź', 'droga', 'nadzieja', 'świecić', 'syn', 'iść', 'matka', 'syn', 'dana', 'przyjść', 'droga', 'wskazać', 'matka', 'słuchać', 'syn', 'prowadzić', 'rozumieć', 'pokój', 'świat', 'dać', 'matka', 'znać', 'dziecko', 'bądź', 'droga', 'nadzieja', 'świecić', 'syn', 'iść', 'dziewica', 'iść', 'przyjść', 'droga', 'wskazać', 'historia', 'świat', 'promień', 'syn', 'prowadzić', 'pośredniczka', 'dobry', 'pokój', 'świat', 'dać', 'matka', 'znać', 'dziecko', 'bądź', 'droga', 'nadzieja', 'świecić', 'syn', 'iść', 'matka', 'człowiek', 'bezdomny', 'przyjść', 'droga', 'wskazać', 'matka', 'prześladowany', 'syn', 'prowadzić', 'matka', 'dziecko', 'wzgardzić', 'pokój', 'świat', 'dać', 'matka', 'znać', 'dziecko', 'bądź', 'droga', 'nadzieja', 'świecić', 'syn', 'iść', 'matka', 'człowiek', 'cierpieć', 'przyjść', 'droga', 'wskazać', 'matka', 'serce', 'przeszyć', 'syn', 'prowadzić', 'stopa', 'krzyż', 'stać', 'pokój', 'świat', 'dać']"
W Tobie jest światło,"['bóg', 'król', 'śpiewać', 'pieśń', 'wiek', 'amen', 'alleluja', 'alleluja', 'alleluja', 'amen']"
Wejdźmy do Jego bram,"['cichy', 'piękny', 'wiosna', 'żyć', 'prosto', 'zwyczajnie', 'bóg', 'świat', 'przynieść', 'ziemia', 'wśród', 'łza', 'nowy', 'dzień', 'zajaśnieć', 'matka', 'rozumieć', 'serce', 'ogarniać', 'matka', 'zobaczyć', 'dobro', 'umieć', 'czas', 'świat', 'potrzeba', 'dobroć', 'niepokój', 'zwyciężyć', 'zło', 'ciepło', 'życie', 'ozłocić', 'bóg', 'człowiek', 'nieść', 'matka', 'rozumieć', 'serce', 'ogarniać', 'matka', 'zobaczyć', 'dobro', 'umieć', 'czas']"
Wielbi Dusza moja Pana (Magnificat),"['miłość', 'wysoki', 'góra', 'wysoki', 'wielki', 'wierność', 'niebo', 'sięgać', 'wzwyż', 'miłość', 'głęboki', 'ocean', 'dno', 'wielki', 'wierność', 'zniżać']"
Wielbić Pana chcę,"['jezus', 'zbawca', 'któż', 'wielki', 'wszystek', 'dzień', 'wysławiać', 'chciéć', 'wspaniały', 'dzieło', 'ręka', 'obrońca', 'źródło', 'natchnienie', 'siła', 'świat', 'wielbić', 'imię', 'krzyczeć', 'cześć', 'pan', 'rozradować', 'ogłaszać', 'wszędzie', 'góry', 'ustąpić', 'dźwięk', 'słowo', 'przemówić', 'stwórca', 'ziem', 'patrzeć', 'podziw', 'dzieło', 'ręka', 'chcieć', 'kochać', 'móc', 'równać', 'mieć']"
Wiele jest serc,"['moc', 'pieśń', 'zbawienie', 'bóg', 'otwierać', 'serce', 'swój', 'król', 'wiek', 'amen']"
Wierzę w Ciebie Panie,"['zbawiciel', 'kochać', 'wiedzieć', 'miłość', 'darzyć', 'nowy', 'życie', 'ofiarować', 'chcieć', 'mieszkać', 'razem']"
Wszelka chwała,"['mówić', 'chcieć', 'słyszeć', 'przyjąć', 'mieć', 'chcieć', 'chować', 'skryć', 'cień', 'chcieć', 'iść', 'święty', 'potężny', 'pan', 'móc', 'stać', 'dzięki', 'łaska', 'dzięki']"
Wszyscy ludzie (Nadejdzie dzień),"['bóg', 'potężny', 'moc', 'swój', 'królować', 'niebo', 'rządzić', 'moc', 'miłość', 'mądrość', 'swój']"
Wszystkie narody klaskajcie,"['woda', 'zamienić', 'wino', 'ślepy', 'widzieć', 'któż', 'blask', 'rozświetlać', 'ciemność', 'człowiek', 'powstawać', 'marność', 'któż', 'bóg', 'wielki', 'bóg', 'silny', 'boży', 'nikt', 'równać', 'bóg', 'uzdrawiać', 'wszechmogący', 'bóg', 'bóg', 'blask', 'rozświetlać', 'ciemność', 'człowiek', 'powstawać', 'marność', 'któż', 'bóg', 'zatrzymać', 'bóg', 'wielki', 'bóg', 'silny', 'boży', 'nikt', 'równać', 'bóg', 'uzdrawiać', 'wszechmogący', 'bóg', 'bóg', 'bóg', 'któż', 'przeciwko', 'któż', 'przeciwko', 'bóg', 'wielki', 'bóg', 'silny', 'boży', 'nikt', 'równać', 'bóg', 'uzdrawiać', 'wszechmogący', 'bóg', 'bóg']"
Wszystko mogę w Tym,"['musieć', 'mówić', 'odpocząć', 'czuj', 'bezpiecznie', 'pozwolić', 'kochać', 'miłość', 'pragnąć']"
Wykrzykujcie Bogu,"['zostać', 'modlić', 'razem', 'czuwać', 'x', 'bać', 'lękać', 'bóg', 'wystarczyć', 'x']"
Wykrzykujcie na cześć Pana,"['bać', 'wypłynąć', 'głębia', 'chrystus']"
"Wzywam Cię, Duchu przyjdź","['bóg', 'dobry', 'czas', 'uwielbić', 'uwielbić']"
Zaprowadź mnie tam,"['mieć', 'trudny', 'sprawa', 'mieć', 'zbyt', 'błahy', 'wiedzieć', 'potrzeba', 'znać', 'słyszeć', 'śmiech', 'płacz', 'ważny', 'wiedzieć', 'możliwy', 'mieć', 'rzecz', 'znaczenie', 'modlić', 'dobry', 'wiedzieć', 'zanim', 'powiedzieć', 'słowo', 'bóg', 'znać', 'zdanie', 'uwielbiać', 'wola', 'stać']"
Zaufaj Panu już dziś,"['zabraknąć', 'chleb', 'zabraknąć', 'woda', 'chleb', 'niebo', 'jezus', 'źródło']"
Zbawca,"['oblicze', 'zajaśnieć', 'sługa', 'przenikać', 'blask']"
"Ziemia, którą mi dajesz","['święty', 'duch', 'przenikać', 'gość', 'dusza', 'spłynąć', 'deszcz', 'błogosławieństwo', 'ojciec', 'obmyć', 'duch', 'święty', 'przyjść', 'duch', 'święty', 'przyjść', 'działać', 'moc', 'duch', 'święty', 'przyjść', 'przemienić', 'smutek', 'czas', 'spłynąć', 'deszcz', 'błogosławieństwo', 'ojciec', 'obmyć']"
Zmartwychwstał Pan,"['niechaj', 'wielbić', 'wszystek', 'dzieło', 'święty', 'błogosławić', 'mówić', 'chwała', 'królestwo', 'głosić', 'potęga']"
Łaskawość Twoja Panie,"['niechaj', 'miłość', 'potężny', 'fala', 'spłynąć', 'łaska', 'zdrój', 'chrystus', 'dotknąć']"
Łaską jesteśmy zbawieni,"['niechaj', 'zstąpić', 'duch', 'odnowić', 'ziemia', 'życiodajny', 'spłynąć', 'deszcz', 'spragniony', 'serce', 'obmyć', 'uświęcić', 'uwielbienie', 'popłynąć', 'pieśń', 'chwała', 'jezusowy', 'życie', 'dać', 'chwała', 'pierwszy', 'umiłować', 'jezus', 'jezus']"
Święte Imię Jezus,"['ojciec', 'sierota', 'opiekun', 'wdowa', 'dobry', 'bóg', 'dom', 'swój', 'dawać', 'opuszczony', 'zsyłać', 'deszcz', 'obfity', 'spragniony', 'wyczerpać', 'dobry', 'biedny', 'łaska', 'swój', 'bóg', 'uniżyć', 'niepojęty', 'łaska', 'wciąż', 'dosięgać', 'podnosić', 'przemieniać', 'serce', 'uwalniać', 'prawda', 'znać', 'serce', 'odwracać', 'wzywać', 'kochać', 'niewiele', 'móc', 'dać', 'niepojęty', 'łaska', 'wciąż', 'dosięgać', 'podnosić', 'przemieniać', 'serce', 'uwalniać', 'prawda']"
Święty Święty... (Otwieram serce swe),"['głębokość', 'morze', 'szczyt', 'góra', 'stworzenie', 'objawiać', 'majestat', 'kolor', 'jesień', 'wiosenny', 'nów', 'śpiewać', 'pieśń', 'pełny', 'cudowny', 'słowo', 'ogłaszać', 'niepojęty', 'niezmierzony', 'gwiazda', 'stworzyć', 'niebo', 'znać', 'wspaniały', 'bóg', 'tyś', 'wszechmogący', 'nieskończony', 'zachwyt', 'klękać', 'wyznać', 'wspaniały', 'bóg', 'tyś', 'uwalniać', 'błyskawica', 'moc', 'czas', 'burza', 'malować', 'kolor', 'poranny', 'zorza', 'słońce', 'stworzyć', 'niebo', 'dać', 'swój', 'moc', 'orzeźwić', 'przynosić', 'gwieździsty', 'noc', 'niepojęty', 'niezmierzony', 'gwiazda', 'stworzyć', 'niebo', 'znać', 'wspaniały', 'bóg', 'tyś', 'wszechmogący', 'nieskończony', 'zachwyt', 'klękać', 'wyznać', 'wspaniały', 'bóg', 'tyś']"
,"['pan', 'dawać', 'ciało', 'swój', 'krew', 'iść', 'wciąż', 'radosny', 'nucić', 'pieśń', 'bóg', 'wierny', 'wieczny', 'czas', 'dar', 'chleb', 'dobry', 'bóg', 'rodzina', 'bratni', 'czynić', 'miłować', 'uczyć', 'bóg', 'wierny', 'wieczny', 'czas', 'miłować', 'dać', 'wolność', 'chwalić', 'święty', 'imię', 'bóg', 'uczyć', 'bóg', 'wierny', 'wieczny', 'czas', 'tyś', 'wyznaczyć', 'droga', 'wieść', 'szlak', 'iść', 'radość', 'nieść', 'świat', 'brak', 'bóg', 'wierny', 'wieczny', 'czas']"
